,Movie,Release Year,Certification,Duration,Genre,Imdb,Metascore,Votes
0,Zack Snyder's Justice League,(2021),R,242 min,"Action, Adventure, Fantasy",8.1,54,"311,293"
1,Aspirants,(2021– ),Not Available,45 min,Drama,9.7,Not Available,"273,341"
2,WandaVision,(2021),TV-PG,350 min,"Action, Comedy, Drama",8.0,Not Available,"193,223"
3,Radhe,(2021),TV-MA,135 min,"Action, Crime, Thriller",1.8,Not Available,"164,166"
4,Godzilla vs. Kong,(2021),PG-13,113 min,"Action, Sci-Fi, Thriller",6.4,59,"151,856"
5,Army of the Dead,(2021),R,148 min,"Action, Crime, Horror",5.8,57,"126,475"
6,The Falcon and the Winter Soldier,(2021),TV-14,50 min,"Action, Adventure, Drama",7.4,Not Available,"125,620"
7,Mortal Kombat,(2021),R,110 min,"Action, Adventure, Fantasy",6.2,44,"121,038"
8,Nobody,(I) (2021),R,92 min,"Action, Crime, Drama",7.4,64,"120,076"
9,Raya and the Last Dragon,(2021),PG,107 min,"Animation, Action, Adventure",7.4,75,"93,684"
10,Cruella,(2021),PG-13,134 min,"Comedy, Crime",7.4,59,"89,300"
11,The Tomorrow War,(2021),PG-13,140 min,"Action, Adventure, Drama",6.7,45,"81,768"
12,Lupin,(2021– ),TV-MA,45 min,"Action, Crime, Drama",7.5,Not Available,"79,311"
13,Loki,(2021– ),TV-14,Not Available,"Action, Adventure, Fantasy",8.9,Not Available,"75,481"
14,Invincible,(2021– ),TV-MA,364 min,"Animation, Action, Adventure",8.8,Not Available,"73,201"
15,Wrath of Man,(2021),R,119 min,"Action, Crime, Thriller",7.2,57,"72,231"
16,Mare of Easttown,(2021),TV-MA,410 min,"Crime, Drama, Mystery",8.5,Not Available,"70,480"
17,The Little Things,(2021),R,128 min,"Crime, Drama, Mystery",6.3,54,"66,082"
18,The Mitchells vs the Machines,(2021),PG,113 min,"Animation, Adventure, Comedy",7.7,80,"65,344"
19,The Conjuring: The Devil Made Me Do It,(2021),R,112 min,"Horror, Mystery, Thriller",6.3,53,"63,258"
20,Black Widow,(2021),PG-13,133 min,"Action, Adventure, Sci-Fi",7.0,68,"61,664"
21,Master,(2021),Not Rated,179 min,"Action, Thriller",7.9,Not Available,"60,647"
22,Coming 2 America,(2021),PG-13,110 min,Comedy,5.3,52,"59,004"
23,The Dig,(2021),PG-13,112 min,"Biography, Drama, History",7.1,73,"58,941"
24,Luca,(2021),PG,95 min,"Animation, Adventure, Comedy",7.5,71,"57,657"
25,Shadow and Bone,(2021– ),TV-14,Not Available,"Action, Adventure, Drama",7.7,Not Available,"57,330"
26,Tandav,(2021– ),TV-14,30 min,"Drama, Thriller",3.8,Not Available,"55,531"
27, Attack on Titan,(2013–2022),TV-MA,24 min,"Animation, Action, Adventure",9.9,Not Available,"54,619"
28,The Woman in the Window,(2021),R,100 min,"Crime, Drama, Mystery",5.7,41,"53,983"
29,Judas and the Black Messiah,(2021),R,126 min,"Biography, Drama, History",7.5,85,"53,222"
30,The White Tiger,(2021),R,125 min,"Crime, Drama",7.1,76,"50,959"
31,The One Where They Get Back Together,(2021 TV Special),TV-14,104 min,"Comedy, Romance",8.1,Not Available,"47,552"
32,Behind Her Eyes,(2021),TV-MA,298 min,"Drama, Mystery, Thriller",7.2,Not Available,"46,010"
33,Tom Clancy's Without Remorse,(2021),R,109 min,"Action, Thriller, War",5.8,41,"43,701"
34, Attack on Titan,(2013–2022),TV-MA,24 min,"Animation, Action, Adventure",9.9,Not Available,"40,070"
35, Attack on Titan,(2013–2022),TV-MA,24 min,"Animation, Action, Adventure",9.9,Not Available,"38,390"
36,Outside the Wire,(2021),R,114 min,"Action, Adventure, Fantasy",5.4,45,"36,674"
37,Stowaway,(2021),TV-MA,116 min,"Drama, Sci-Fi, Thriller",5.6,63,"35,688"
38,Those Who Wish Me Dead,(2021),R,100 min,"Action, Drama, Thriller",6.0,59,"35,522"
39,Thunder Force,(2021),PG-13,106 min,"Action, Adventure, Comedy",4.4,34,"34,814"
40,Boss Level,(2021),TV-MA,94 min,"Action, Mystery, Sci-Fi",6.9,56,"34,148"
41,Ginny & Georgia,(2021– ),TV-14,Not Available,"Comedy, Drama",7.5,Not Available,"34,132"
42,The Serpent,(2021),TV-MA,458 min,"Crime, Drama, Thriller",7.7,Not Available,"32,200"
43,Sweet Tooth,(2021– ),TV-14,Not Available,"Action, Adventure, Drama",8.0,Not Available,"30,939"
44,Jupiter's Legacy,(2021),TV-MA,56 min,"Action, Adventure, Drama",6.8,Not Available,"30,588"
45,Fate: The Winx Saga,(2021– ),TV-MA,Not Available,"Action, Adventure, Drama",6.9,Not Available,"29,987"
46,The Mauritanian,(2021),R,129 min,"Drama, Thriller",7.4,53,"29,894"
47,Malcolm & Marie,(2021),R,106 min,"Drama, Romance",6.7,53,"29,512"
48,F9: The Fast Saga,(2021),PG-13,143 min,"Action, Adventure, Crime",5.5,58,"29,381"
49,Drishyam 2,(2021),Not Available,152 min,"Crime, Drama, Thriller",8.7,Not Available,"28,199"
50,Spiral,(2021),R,93 min,"Crime, Horror, Mystery",5.3,40,"26,297"
51,Inside,(2021 TV Special),TV-MA,87 min,"Comedy, Drama, Music",8.8,Not Available,"26,227"
52,Palmer,(2021),R,110 min,Drama,7.3,53,"26,223"
53,Oxygen,(2021),TV-14,100 min,"Drama, Fantasy, Sci-Fi",6.5,67,"25,971"
54,In the Heights,(2021),PG-13,143 min,"Drama, Music, Musical",7.5,84,"25,863"
55,Tom and Jerry,(2021),PG,101 min,"Animation, Comedy, Family",5.3,32,"25,573"
56,Chaos Walking,(2021),PG-13,109 min,"Action, Adventure, Fantasy",5.8,38,"25,408"
57,Racket Boys,(2021– ),TV-14,80 min,"Comedy, Drama, Sport",1.0,Not Available,"24,667"
58,Seaspiracy,(2021),TV-MA,89 min,"Documentary, Adventure",8.2,Not Available,"24,385"
59, Attack on Titan,(2013–2022),TV-MA,24 min,"Animation, Action, Adventure",9.6,Not Available,"23,857"
60,Cherry,(2021),R,142 min,"Crime, Drama",6.6,44,"23,510"
61,Things Heard & Seen,(2021),TV-MA,121 min,"Drama, Horror, Mystery",5.3,49,"23,032"
62,Fear Street: Part One - 1994,(2021),R,107 min,"Drama, Horror, Mystery",6.2,67,"22,430"
63,Resident Alien,(2021– ),TV-14,44 min,"Comedy, Drama, Mystery",8.2,Not Available,"22,153"
64,It's a Sin,(2021),TV-MA,239 min,"Comedy, Drama, History",8.7,Not Available,"22,100"
65,Anne Boleyn,(2021– ),Not Available,60 min,"Drama, History",3.9,Not Available,"21,990"
66, Loki,(2021– ),TV-14,51 min,"Action, Adventure, Fantasy",8.8,Not Available,"21,908"
67, WandaVision,(2021),TV-PG,30 min,"Action, Comedy, Drama",7.5,Not Available,"21,702"
68,Redemption Day,(2021),R,99 min,"Action, Drama, Thriller",6.4,22,"21,550"
69,Fatherhood,(2021),PG-13,109 min,"Comedy, Drama",6.7,53,"20,864"
70, WandaVision,(2021),TV-PG,35 min,"Action, Comedy, Drama",8.9,Not Available,"20,608"
71, WandaVision,(2021),TV-PG,37 min,"Action, Comedy, Drama",7.8,Not Available,"20,540"
72, WandaVision,(2021),TV-14,42 min,"Action, Comedy, Drama",9.1,Not Available,"20,277"
73,Space Sweepers,(2021),TV-MA,136 min,"Action, Adventure, Drama",6.6,64,"20,006"
74,Moxie,(2021),PG-13,111 min,"Comedy, Drama, Music",6.7,54,"19,954"
75,Night Stalker: The Hunt for a Serial Killer,(2021),TV-MA,189 min,"Documentary, Crime, Mystery",7.5,Not Available,"19,592"
76,Bad Trip,(2021),Unrated,86 min,Comedy,6.6,61,"19,327"
77, WandaVision,(2021),TV-PG,33 min,"Action, Comedy, Drama",8.2,Not Available,"18,935"
78, Loki,(2021– ),TV-14,53 min,"Action, Adventure, Fantasy",9.0,Not Available,"18,921"
79,The Innocent,(2021),TV-MA,467 min,"Crime, Drama, Mystery",7.9,Not Available,"18,481"
80,Yes Day,(2021),PG,86 min,"Comedy, Family",5.7,46,"18,420"
81,To All the Boys: Always and Forever,(2021),TV-14,109 min,"Comedy, Drama, Romance",6.3,65,"18,408"
82, WandaVision,(2021),TV-PG,47 min,"Action, Comedy, Drama",9.0,Not Available,"18,183"
83, WandaVision,(2021),TV-PG,50 min,"Action, Comedy, Drama",8.4,Not Available,"18,081"
84,Wrong Turn,(2021),R,109 min,"Horror, Thriller",5.5,46,"17,932"
85,Infinite,(2021),PG-13,106 min,"Action, Sci-Fi, Thriller",5.4,28,"17,740"
86, WandaVision,(2021),TV-PG,38 min,"Action, Comedy, Drama",8.9,Not Available,"17,649"
87, Attack on Titan,(2013–2022),TV-MA,24 min,"Animation, Action, Adventure",9.3,Not Available,"16,889"
88, WandaVision,(2021),TV-PG,38 min,"Action, Comedy, Drama",8.5,Not Available,"16,497"
89, Loki,(2021– ),TV-14,48 min,"Action, Adventure, Fantasy",9.3,Not Available,"16,427"
90, Loki,(2021– ),TV-14,42 min,"Action, Adventure, Fantasy",7.9,Not Available,"16,231"
91,Firefly Lane,(2021– ),TV-MA,Not Available,"Drama, Romance",7.4,Not Available,"16,228"
92,The Marksman,(2021),PG-13,108 min,"Action, Drama, Thriller",5.6,44,"15,833"
93,Superman and Lois,(2021– ),TV-14,42 min,"Action, Adventure, Drama",7.9,Not Available,"15,782"
94,Karnan,(2021),Not Available,158 min,"Action, Drama",8.3,Not Available,"15,770"
95,Below Zero,(2021),TV-MA,106 min,"Action, Adventure, Crime",6.2,Not Available,"15,677"
96,Willy's Wonderland,(2021),TV-MA,88 min,"Action, Comedy, Horror",5.6,44,"15,555"
97, The Falcon and the Winter Soldier,(2021),TV-14,47 min,"Action, Adventure, Drama",7.7,Not Available,"15,371"
98,The Nevers,(2021– ),TV-MA,58 min,"Action, Drama, Fantasy",7.4,Not Available,"14,876"
99,The Map of Tiny Perfect Things,(2021),PG-13,98 min,"Comedy, Fantasy, Romance",6.8,61,"14,863"
100,Awake,(III) (2021),TV-MA,96 min,"Action, Adventure, Drama",4.8,35,"14,835"
101,Crime Scene: The Vanishing at the Cecil Hotel,(2021),TV-MA,219 min,"Documentary, Crime, Mystery",5.9,Not Available,"14,807"
102,The Ice Road,(2021),PG-13,109 min,"Action, Adventure, Drama",5.5,42,"14,466"
103, Attack on Titan,(2013–2022),TV-MA,24 min,"Animation, Action, Adventure",9.7,Not Available,"14,081"
104, The Falcon and the Winter Soldier,(2021),TV-14,53 min,"Action, Adventure, Drama",8.8,Not Available,"13,933"
105,Clarkson's Farm,(2021– ),TV-PG,45 min,Documentary,9.3,Not Available,"13,930"
106,Bliss,(I) (2021),R,103 min,"Drama, Romance, Sci-Fi",5.3,40,"13,896"
107,The Hitman's Wife's Bodyguard,(2021),R,100 min,"Action, Comedy, Crime",6.3,32,"13,777"
108,Them,(2021– ),TV-MA,45 min,"Drama, Horror, Thriller",7.3,Not Available,"13,690"
109, The Falcon and the Winter Soldier,(2021),TV-14,47 min,"Action, Adventure, Drama",7.9,Not Available,"13,305"
110, Attack on Titan,(2013–2022),TV-MA,24 min,"Animation, Action, Adventure",8.9,Not Available,"13,092"
111, Attack on Titan,(2013–2022),TV-MA,24 min,"Animation, Action, Adventure",9.8,Not Available,"13,086"
112,Haseen Dillruba,(2021),TV-MA,135 min,"Crime, Drama, Mystery",6.9,Not Available,"12,603"
113,The Irregulars,(2021),TV-14,Not Available,"Crime, Drama, Fantasy",5.9,Not Available,"12,350"
114, The Falcon and the Winter Soldier,(2021),TV-14,51 min,"Action, Adventure, Drama",8.0,Not Available,"12,329"
115, Attack on Titan,(2013–2022),TV-MA,24 min,"Animation, Action, Adventure",9.7,Not Available,"12,307"
116, Attack on Titan,(2013–2022),TV-MA,24 min,"Animation, Action, Adventure",9.1,Not Available,"12,093"
117,Wish Dragon,(2021),PG,98 min,"Animation, Adventure, Comedy",7.2,59,"12,082"
118, The Falcon and the Winter Soldier,(2021),TV-14,49 min,"Action, Adventure, Drama",7.8,Not Available,"11,683"
119,The Big Bull,(2021),Not Available,153 min,"Biography, Crime, Drama",6.1,Not Available,"11,675"
120,Dota: Dragon's Blood,(2021– ),TV-MA,25 min,"Animation, Action, Adventure",8.0,Not Available,"11,643"
121, Attack on Titan,(2013–2022),TV-MA,24 min,"Animation, Action, Adventure",9.2,Not Available,"11,522"
122, The Falcon and the Winter Soldier,(2021),TV-14,57 min,"Action, Adventure, Drama",8.0,Not Available,"11,516"
123,Star Wars: The Bad Batch,(2021– ),TV-PG,Not Available,"Animation, Action, Adventure",8.3,Not Available,"11,423"
124, Loki,(2021– ),TV-14,48 min,"Action, Adventure, Fantasy",9.2,Not Available,"11,405"
125, Attack on Titan,(2013–2022),TV-MA,24 min,"Animation, Action, Adventure",9.7,Not Available,"11,364"
126,Red Dot,(2021),TV-MA,86 min,"Drama, Horror, Thriller",5.5,Not Available,"11,311"
127,The Unholy,(2021),PG-13,99 min,"Drama, Horror, Mystery",5.0,36,"11,185"
128,The One,(2021– ),TV-MA,Not Available,"Crime, Drama, Sci-Fi",6.6,Not Available,"10,594"
129,Deadly Illusions,(2021),R,114 min,"Drama, Thriller",3.7,Not Available,"10,347"
130,Vakeel Saab,(2021),TV-14,153 min,"Action, Crime, Drama",7.8,Not Available,"10,199"
131,Who Killed Sara?,(2021– ),TV-MA,Not Available,"Crime, Drama, Mystery",6.4,Not Available,"10,066"
132,Paper Lives,(2021),TV-MA,96 min,Drama,6.7,Not Available,"9,976"
133,The United States vs. Billie Holiday,(2021),R,126 min,"Biography, Drama, Music",6.3,52,"9,829"
134,Tribes of Europa,(2021– ),TV-MA,Not Available,"Action, Adventure, Drama",6.8,Not Available,"9,773"
135,Halston,(2021),TV-MA,240 min,"Biography, Drama",7.5,Not Available,"9,639"
136,Jagame Thandhiram,(2021),TV-MA,158 min,"Action, Crime, Drama",6.0,Not Available,"9,639"
137,Voyagers,(2021),PG-13,108 min,"Adventure, Sci-Fi, Thriller",5.4,44,"9,554"
138,Stuck Apart,(2021),TV-MA,96 min,"Comedy, Drama",6.1,Not Available,"9,398"
139,The Vault,(2021),R,118 min,"Action, Adventure, Thriller",6.4,50,"9,357"
140,Harga,(2021– ),Not Available,Not Available,Drama,9.7,Not Available,"9,309"
141,No Sudden Move,(2021),R,115 min,"Crime, Drama, Mystery",6.6,77,"9,233"
142,Iste Bu Benim Masalim,(2021),Not Available,40 min,"Musical, Romance",1.4,Not Available,"9,232"
143,Barb and Star Go to Vista Del Mar,(2021),PG-13,107 min,Comedy,6.4,64,"8,972"
144,Fear Street: Part Two - 1978,(2021),R,109 min,"Drama, Horror, Mystery",6.8,61,"8,770"
145,Time,(2021– ),Not Available,59 min,"Crime, Drama",8.4,Not Available,"8,745"
146,Locked Down,(I) (2021),R,118 min,"Comedy, Crime, Romance",5.2,42,"8,570"
147, The Walking Dead,(2010–2022),TV-MA,50 min,"Drama, Horror, Thriller",9.3,Not Available,"8,144"
148,Methagu,(2021),Not Available,100 min,"Biography, History",9.8,Not Available,"8,047"
149,Finding 'Ohana,(2021),PG,123 min,"Action, Adventure, Comedy",6.1,69,"8,023"
150,Sherni,(2021),Not Available,131 min,Drama,6.9,Not Available,"7,800"
151,Ferry,(2021),TV-MA,106 min,"Action, Crime, Drama",7.0,Not Available,"7,607"
152,The Married Woman,(2021– ),Not Available,30 min,"Drama, Romance",9.3,Not Available,"7,570"
153,Mumbai Saga,(2021),Not Available,135 min,"Action, Crime",6.1,Not Available,"7,446"
154,The Girl on the Train,(2021),TV-MA,120 min,"Crime, Drama, Mystery",4.4,Not Available,"7,402"
155," Love, Death & Robots",(2019– ),TV-MA,18 min,"Animation, Short, Comedy",8.1,Not Available,"7,346"
156,Pagglait,(2021),TV-14,114 min,"Comedy, Drama",6.9,Not Available,"7,328"
157, Invincible,(2021– ),TV-MA,45 min,"Animation, Action, Adventure",9.7,Not Available,"7,316"
158,The Equalizer,(2021– ),TV-14,Not Available,"Action, Crime, Drama",4.8,Not Available,"7,299"
159,Vincenzo,(2021– ),Not Rated,80 min,"Comedy, Crime, Romance",8.6,Not Available,"7,116"
160,Cosmic Sin,(2021),R,88 min,"Action, Adventure, Sci-Fi",2.5,9,"6,978"
161,Sandeep Aur Pinky Faraar,(2021),Not Available,125 min,"Comedy, Crime, Drama",6.3,Not Available,"6,971"
162, Aspirants,(2021– ),Not Available,46 min,Drama,9.6,Not Available,"6,966"
163,Kaagaz,(2021),Not Available,109 min,"Biography, Comedy, Drama",7.5,Not Available,"6,932"
164, Invincible,(2021– ),TV-MA,48 min,"Animation, Action, Adventure",9.6,Not Available,"6,885"
165,Sunflower,(2021– ),Not Available,36 min,"Comedy, Crime",7.6,Not Available,"6,878"
166," Love, Death & Robots",(2019– ),TV-MA,12 min,"Animation, Short, Comedy",6.5,Not Available,"6,827"
167,Sex/Life,(2021– ),TV-MA,Not Available,"Comedy, Drama, Romance",5.5,Not Available,"6,794"
168,Sentinelle,(2021),TV-MA,80 min,"Action, Crime, Drama",4.7,Not Available,"6,690"
169,Clarice,(2021– ),TV-14,60 min,"Crime, Drama, Mystery",6.5,Not Available,"6,676"
170,Young Royals,(2021– ),TV-MA,50 min,"Drama, Romance",8.5,Not Available,"6,674"
171,Debris,(2021),TV-PG,Not Available,"Drama, Mystery, Sci-Fi",6.5,Not Available,"6,635"
172," Love, Death & Robots",(2019– ),TV-MA,18 min,"Animation, Short, Comedy",7.9,Not Available,"6,580"
173,Joji,(2021),Not Available,113 min,"Crime, Drama",7.9,Not Available,"6,577"
174,Roohi,(2021),Not Available,134 min,"Comedy, Horror",4.3,Not Available,"6,565"
175,Operation Varsity Blues,(2021),R,99 min,"Documentary, Crime, Drama",7.0,70,"6,552"
176, Rick and Morty,(2013– ),TV-14,Not Available,"Animation, Adventure, Comedy",9.1,Not Available,"6,527"
177,Katla,(2021– ),TV-MA,Not Available,"Drama, Mystery, Sci-Fi",7.1,Not Available,"6,500"
178," Love, Death & Robots",(2019– ),TV-MA,13 min,"Animation, Short, Comedy",6.1,Not Available,"6,474"
179,Music,(2021),PG-13,107 min,"Drama, Musical",3.1,23,"6,424"
180,The Mosquito Coast,(2021– ),TV-MA,Not Available,"Adventure, Drama, Thriller",7.0,Not Available,"6,391"
181,Tell Me Your Secrets,(I) (2021– ),TV-14,Not Available,"Crime, Drama, Mystery",7.4,Not Available,"6,373"
182,Fatma,(2021– ),TV-MA,40 min,"Crime, Drama, Thriller",7.5,Not Available,"6,373"
183,SAS: Red Notice,(2021),R,124 min,"Action, Thriller",4.9,Not Available,"6,342"
184,Bang Baang,(2021– ),Not Available,18 min,"Action, Thriller",6.8,Not Available,"6,327"
185,Good on Paper,(2021),R,92 min,"Comedy, Romance",5.6,54,"6,303"
186, Invincible,(2021– ),TV-MA,47 min,"Animation, Action, Adventure",9.0,Not Available,"6,301"
187,Sky Rojo,(2021– ),TV-MA,31 min,"Action, Adventure, Crime",6.5,Not Available,"6,286"
188,Snabba Cash,(2021– ),TV-MA,52 min,"Action, Crime, Drama",7.6,Not Available,"6,269"
189,Walker,(2021– ),TV-14,Not Available,"Action, Crime, Drama",5.9,Not Available,"6,207"
190, The Walking Dead,(2010–2022),TV-14,43 min,"Drama, Horror, Thriller",4.0,Not Available,"6,138"
191,Hacks,(2021– ),TV-MA,30 min,"Comedy, Drama",8.3,Not Available,"6,088"
192,Dracula,(2021– ),Not Available,Not Available,"Comedy, Drama",8.8,Not Available,"6,047"
193, The New York Times Presents,(2020– ),TV-MA,74 min,Documentary,6.9,Not Available,"6,032"
194, Aspirants,(2021– ),Not Available,38 min,Drama,9.6,Not Available,"6,011"
195,Crisis,(2021),R,118 min,"Drama, Thriller",6.1,41,"6,001"
196,Jathi Ratnalu,(2021),Not Available,145 min,Comedy,7.6,Not Available,"5,967"
197, The Family Man,(2019– ),TV-14,Not Available,"Action, Comedy, Drama",9.3,Not Available,"5,925"
198,Allen v. Farrow,(2021),TV-MA,256 min,"Documentary, Biography, Crime",6.4,Not Available,"5,920"
199,Billie Eilish: The World's a Little Blurry,(2021),R,140 min,"Documentary, Biography, Music",7.8,70,"5,917"
200," Love, Death & Robots",(2019– ),TV-MA,7 min,"Animation, Short, Comedy",7.4,Not Available,"5,897"
201,The Pembrokeshire Murders,(2021),TV-14,144 min,"Crime, Drama",7.1,Not Available,"5,809"
202,Ray,(2021– ),TV-14,65 min,"Crime, Drama, Thriller",7.4,Not Available,"5,770"
203," Love, Death & Robots",(2019– ),TV-MA,11 min,"Animation, Short, Comedy",7.0,Not Available,"5,765"
204,The Great Indian Kitchen,(2021),Not Available,100 min,"Comedy, Drama",8.3,Not Available,"5,759"
205,Pretend It's a City,(2021),TV-14,203 min,"Documentary, Biography, Comedy",8.1,Not Available,"5,745"
206, Aspirants,(2021– ),Not Available,49 min,Drama,9.7,Not Available,"5,735"
207,The Sons of Sam: A Descent into Darkness,(2021),TV-MA,239 min,"Documentary, Crime, History",7.0,Not Available,"5,715"
208, The Walking Dead,(2010–2022),TV-MA,40 min,"Drama, Horror, Thriller",5.0,Not Available,"5,688"
209," Love, Death & Robots",(2019– ),TV-MA,13 min,"Animation, Short, Comedy",7.0,Not Available,"5,594"
210, Aspirants,(2021– ),Not Available,45 min,Drama,9.7,Not Available,"5,478"
211,November Story,(2021– ),Not Available,40 min,"Crime, Thriller",8.0,Not Available,"5,431"
212, Broken But Beautiful,(2018– ),Not Available,Not Available,"Drama, Romance",9.6,Not Available,"5,425"
213,Krack,(2021),Not Rated,154 min,"Action, Crime, Thriller",7.3,Not Available,"5,402"
214," Love, Death & Robots",(2019– ),TV-MA,13 min,"Animation, Short, Comedy",6.6,Not Available,"5,398"
215,Young Rock,(2021– ),TV-PG,Not Available,Comedy,7.1,Not Available,"5,370"
216,Made for Love,(2021– ),TV-MA,30 min,"Comedy, Drama, Sci-Fi",6.9,Not Available,"5,361"
217, Invincible,(2021– ),TV-MA,46 min,"Animation, Action, Adventure",9.3,Not Available,"5,357"
218,The Last Hour,(2021– ),Not Available,36 min,"Crime, Drama, Mystery",7.5,Not Available,"5,336"
219,Maharani,(2021– ),Not Available,43 min,Drama,7.5,Not Available,"5,295"
220,Cruel Summer,(2021– ),TV-14,45 min,"Drama, Mystery, Thriller",7.5,Not Available,"5,128"
221,The Priest,(I) (2021),Not Available,140 min,"Horror, Mystery, Thriller",6.6,Not Available,"5,117"
222, Invincible,(2021– ),TV-MA,44 min,"Animation, Action, Adventure",8.6,Not Available,"4,966"
223, The Walking Dead,(2010–2022),TV-MA,44 min,"Drama, Horror, Thriller",6.2,Not Available,"4,879"
224, Broken But Beautiful,(2018– ),Not Available,Not Available,"Drama, Romance",9.5,Not Available,"4,870"
225,Flora & Ulysses,(2021),PG,95 min,"Adventure, Comedy, Family",6.3,62,"4,856"
226,Panic,(2021– ),TV-14,Not Available,"Adventure, Crime, Drama",6.5,Not Available,"4,850"
227, Jujutsu Kaisen,(2020– ),TV-MA,24 min,"Animation, Action, Adventure",9.7,Not Available,"4,844"
228, The Walking Dead,(2010–2022),TV-MA,42 min,"Drama, Horror, Thriller",7.3,Not Available,"4,815"
229, Rick and Morty,(2013– ),TV-14,Not Available,"Animation, Adventure, Comedy",9.0,Not Available,"4,807"
230, Broken But Beautiful,(2018– ),Not Available,Not Available,"Drama, Romance",9.6,Not Available,"4,754"
231, Broken But Beautiful,(2018– ),Not Available,Not Available,"Drama, Romance",9.8,Not Available,"4,741"
232,Murder Among the Mormons,(2021),TV-14,160 min,"Documentary, Crime, History",7.0,Not Available,"4,727"
233, Broken But Beautiful,(2018– ),Not Available,Not Available,"Drama, Romance",9.8,Not Available,"4,706"
234, Mare of Easttown,(2021),TV-MA,57 min,"Crime, Drama, Mystery",9.4,Not Available,"4,692"
235, Broken But Beautiful,(2018– ),Not Available,Not Available,"Drama, Romance",9.6,Not Available,"4,690"
236, Invincible,(2021– ),TV-MA,42 min,"Animation, Action, Adventure",8.3,Not Available,"4,665"
237, Broken But Beautiful,(2018– ),Not Available,Not Available,"Drama, Romance",9.5,Not Available,"4,652"
238, The Walking Dead,(2010–2022),TV-MA,48 min,"Drama, Horror, Thriller",7.5,Not Available,"4,652"
239, Broken But Beautiful,(2018– ),Not Available,Not Available,"Drama, Romance",9.7,Not Available,"4,650"
240,The Legend of Hanuman,(2021– ),Not Available,25 min,Animation,9.4,Not Available,"4,643"
241, Broken But Beautiful,(2018– ),Not Available,Not Available,"Drama, Romance",9.6,Not Available,"4,639"
242, Broken But Beautiful,(2018– ),Not Available,Not Available,"Drama, Romance",9.6,Not Available,"4,639"
243,Major Grom: Plague Doctor,(2021),Not Available,136 min,"Action, Adventure",6.4,Not Available,"4,623"
244, Invincible,(2021– ),TV-MA,45 min,"Animation, Action, Adventure",7.7,Not Available,"4,579"
245,Mandela,(2021),Not Available,140 min,"Comedy, Drama",8.5,Not Available,"4,577"
246,50M2,(2021– ),TV-MA,45 min,"Comedy, Drama, Thriller",7.0,Not Available,"4,551"
247,Invisible City,(2021– ),TV-G,60 min,"Crime, Drama, Fantasy",7.4,Not Available,"4,538"
248,Crazy About Her,(2021),TV-MA,102 min,"Comedy, Romance",6.6,Not Available,"4,518"
249, Cobra Kai,(2018– ),TV-14,41 min,"Action, Comedy, Drama",9.5,Not Available,"4,479"
250,Nayattu,(2021),Not Available,124 min,Thriller,8.2,Not Available,"4,468"
251,Land,(2021),PG-13,89 min,"Adventure, Drama",6.6,61,"4,453"
252, Invincible,(2021– ),TV-MA,45 min,"Animation, Action, Adventure",7.9,Not Available,"4,448"
253,Ajeeb Daastaans,(2021),TV-MA,142 min,"Drama, Romance",6.7,Not Available,"4,421"
254, Star Wars: The Bad Batch,(2021– ),TV-PG,70 min,"Animation, Action, Adventure",9.0,Not Available,"4,420"
255,Virkar,(2021– ),Not Available,28 min,"Crime, Thriller",9.0,Not Available,"4,413"
256,Blue Miracle,(2021),TV-PG,95 min,"Adventure, Biography, Drama",6.7,48,"4,410"
257,The Crew,(II) (2021),TV-14,Not Available,Comedy,6.6,Not Available,"4,377"
258, One Piece,(1999– ),TV-14,24 min,"Animation, Action, Adventure",9.4,Not Available,"4,320"
259,Biggie: I Got a Story to Tell,(2021),R,97 min,"Documentary, Biography, Music",6.9,62,"4,240"
260,Girl in the Basement,(2021),TV-14,88 min,"Crime, Thriller",6.4,Not Available,"4,216"
261,Call Me Kat,(2021– ),TV-PG,21 min,Comedy,5.0,Not Available,"4,182"
262, Aspirants,(2021– ),Not Available,38 min,Drama,9.4,Not Available,"4,134"
263, The Family Man,(2019– ),TV-14,Not Available,"Action, Comedy, Drama",9.4,Not Available,"4,129"
264,Runaway Lugaai,(2021– ),Not Available,25 min,"Comedy, Drama",8.4,Not Available,"4,116"
265,Justice Society: World War II,(2021),PG-13,84 min,"Animation, Action, Adventure",6.4,Not Available,"4,116"
266,Us Again,(2021),G,7 min,"Animation, Short, Drama",8.0,Not Available,"4,104"
267,The Boss Baby: Family Business,(2021),PG,107 min,"Animation, Adventure, Comedy",6.0,40,"4,069"
268,Have You Ever Seen Fireflies?,(2021),TV-14,113 min,"Comedy, Drama",6.2,Not Available,"4,069"
269, The Family Man,(2019– ),TV-14,Not Available,"Action, Comedy, Drama",9.1,Not Available,"4,064"
270,History of Swear Words,(2021– ),TV-MA,124 min,"Documentary, Comedy",6.4,Not Available,"4,054"
271,The Underground Railroad,(2021– ),TV-MA,593 min,"Drama, History, War",7.3,Not Available,"4,027"
272,I Am All Girls,(2021),TV-MA,107 min,"Crime, Drama, Mystery",5.8,Not Available,"3,980"
273,Sardar Ka Grandson,(2021),TV-14,139 min,"Comedy, Drama, Romance",4.2,Not Available,"3,919"
274,Grahan,(2021– ),Not Available,Not Available,"Action, Drama, History",8.7,Not Available,"3,912"
275,Nail Polish,(2021),Not Available,128 min,Drama,7.4,Not Available,"3,894"
276,Sexify,(2021– ),TV-MA,40 min,"Comedy, Drama",6.5,Not Available,"3,883"
277,His Story,(2021– ),Not Available,Not Available,Drama,9.7,Not Available,"3,875"
278, The Family Man,(2019– ),TV-14,Not Available,"Action, Comedy, Drama",9.5,Not Available,"3,861"
279,Top Class: The Life and Times of the Sierra Canyon Trailblazers,(2021– ),Not Rated,30 min,"Documentary, Sport",9.7,Not Available,"3,774"
280, The Family Man,(2019– ),TV-14,Not Available,"Action, Comedy, Drama",9.2,Not Available,"3,769"
281, Rick and Morty,(2013– ),TV-14,Not Available,"Animation, Adventure, Comedy",8.1,Not Available,"3,767"
282,The Virtuoso,(2021),R,110 min,"Action, Crime, Thriller",4.9,24,"3,765"
283, Mare of Easttown,(2021),TV-MA,58 min,"Crime, Drama, Mystery",8.1,Not Available,"3,764"
284,Fear of Rain,(2021),PG-13,109 min,"Drama, Horror, Thriller",5.9,Not Available,"3,723"
285,Chad,(2021– ),TV-MA,30 min,Comedy,2.7,Not Available,"3,721"
286, One Piece,(1999– ),TV-14,24 min,"Animation, Action, Adventure",9.7,Not Available,"3,696"
287, Lucifer,(2016– ),TV-14,60 min,"Crime, Drama, Fantasy",7.6,Not Available,"3,678"
288, The Family Man,(2019– ),TV-14,Not Available,"Action, Comedy, Drama",9.5,Not Available,"3,673"
289,Till Death,(I) (2021),R,88 min,"Horror, Thriller",5.8,66,"3,649"
290,Pogaru,(2021),Not Available,160 min,Action,5.5,Not Available,"3,634"
291,Batman: Soul of the Dragon,(2021),R,83 min,"Animation, Action, Adventure",6.1,Not Available,"3,629"
292,Sultan,(2021),TV-MA,145 min,"Action, Drama",6.4,Not Available,"3,613"
293,Yasuke,(2021– ),TV-MA,30 min,"Animation, Action, Adventure",6.2,Not Available,"3,609"
294, The Family Man,(2019– ),TV-14,Not Available,"Action, Comedy, Drama",9.3,Not Available,"3,608"
295,Rurouni Kenshin: Final Chapter Part I - The Final,(2021),Not Available,138 min,"Action, Adventure, Drama",7.3,Not Available,"3,571"
296,Peter Rabbit 2: The Runaway,(2021),PG,93 min,"Animation, Adventure, Comedy",6.2,43,"3,568"
297,Silence: Can You Hear It,(2021),Not Available,136 min,"Crime, Thriller",6.6,Not Available,"3,548"
298, The Family Man,(2019– ),TV-14,Not Available,"Action, Comedy, Drama",9.2,Not Available,"3,545"
299,"Batman: The Long Halloween, Part One",(2021 Video),PG-13,85 min,"Animation, Action, Crime",7.5,Not Available,"3,539"
300,Naandhi,(2021),Not Available,146 min,"Crime, Drama, Thriller",8.4,Not Available,"3,539"
301,Siyavash,(2021– ),TV-14,50 min,Drama,6.2,Not Available,"3,529"
302,Tiger,(2021),TV-MA,192 min,"Documentary, Biography, Sport",7.8,Not Available,"3,523"
303, The Family Man,(2019– ),TV-14,Not Available,"Action, Comedy, Drama",9.3,Not Available,"3,519"
304,The Mighty Ducks: Game Changers,(2021– ),TV-PG,Not Available,"Comedy, Drama, Sport",7.5,Not Available,"3,518"
305,Bombay Begums,(2021– ),TV-MA,50 min,Drama,5.0,Not Available,"3,506"
306,Censor,(2021),Not Available,84 min,Horror,5.9,67,"3,493"
307,Horimiya,(I) (2021– ),TV-14,24 min,"Animation, Comedy, Drama",8.2,Not Available,"3,488"
308,Saina,(2021),Not Available,135 min,"Biography, Drama, Sport",4.2,Not Available,"3,466"
309, Mare of Easttown,(2021),TV-MA,58 min,"Crime, Drama, Mystery",8.7,Not Available,"3,463"
310,The Misfits,(2021),R,94 min,"Action, Adventure, Thriller",4.2,24,"3,452"
311,Yuvarathnaa,(2021),Not Available,161 min,"Action, Drama",6.6,Not Available,"3,430"
312,Pacific Rim: The Black,(2021– ),TV-14,24 min,"Animation, Action, Adventure",7.1,Not Available,"3,423"
313,A Week Away,(2021),TV-PG,94 min,"Drama, Family, Musical",5.8,32,"3,423"
314,Maara,(2021),Not Available,149 min,"Adventure, Drama, Mystery",7.7,Not Available,"3,399"
315,Pelé,(2021),TV-14,108 min,"Documentary, Biography, Sport",7.0,61,"3,398"
316,Resident Evil: Infinite Darkness,(2021– ),TV-MA,Not Available,"Animation, Action, Horror",6.1,Not Available,"3,398"
317,Mushoku Tensei: Jobless Reincarnation,(2021– ),TV-14,24 min,"Animation, Adventure, Fantasy",8.3,Not Available,"3,383"
318,In the Earth,(2021),R,107 min,"Horror, Sci-Fi, Thriller",5.2,63,"3,366"
319, Mare of Easttown,(2021),TV-MA,64 min,"Crime, Drama, Mystery",9.1,Not Available,"3,358"
320,The Minimalists: Less Is Now,(2021),TV-14,53 min,Documentary,5.9,Not Available,"3,340"
321, Jujutsu Kaisen,(2020– ),TV-MA,24 min,"Animation, Action, Adventure",9.6,Not Available,"3,315"
322,This Is a Robbery: The World's Greatest Art Heist,(2021),TV-MA,210 min,"Documentary, Crime, History",6.4,Not Available,"3,270"
323,Leverage: Redemption,(2021– ),Not Available,Not Available,"Crime, Mystery, Thriller",9.1,Not Available,"3,266"
324,Why Did You Kill Me?,(2021),TV-MA,83 min,"Documentary, Crime",5.6,Not Available,"3,247"
325,Calls,(2021– ),TV-MA,12 min,"Drama, Horror, Mystery",7.8,Not Available,"3,246"
326,Silk Road,(2021),R,112 min,"Crime, Drama, Thriller",5.9,41,"3,238"
327,Bloodlands,(2021),Not Available,222 min,"Crime, Drama, Thriller",6.5,Not Available,"3,238"
328,Great White,(2021),Not Available,91 min,"Horror, Thriller",4.1,Not Available,"3,237"
329,Baggio: The Divine Ponytail,(2021),TV-MA,91 min,"Biography, Drama, Sport",6.1,Not Available,"3,234"
330,Save Ralph,(2021),Not Available,4 min,"Animation, Short",8.6,Not Available,"3,224"
331, Superman and Lois,(2021– ),TV-PG,64 min,"Action, Adventure, Drama",8.7,Not Available,"3,209"
332,Hello Charlie,(2021),Not Available,102 min,Comedy,5.6,Not Available,"3,193"
333,America: The Motion Picture,(2021),TV-MA,98 min,"Animation, Action, Adventure",5.7,38,"3,192"
334,Konusanlar,(2021– ),Not Available,50 min,"Comedy, Talk-Show",7.0,Not Available,"3,185"
335,Uppena,(2021),TV-14,147 min,"Action, Drama, Romance",6.8,Not Available,"3,167"
336, Cobra Kai,(2018– ),TV-14,39 min,"Action, Comedy, Drama",9.2,Not Available,"3,163"
337,The Box,(V) (2021),Not Available,94 min,"Drama, Music, Musical",8.6,Not Available,"3,155"
338, Lupin,(2021– ),TV-MA,47 min,"Action, Crime, Drama",7.9,Not Available,"3,153"
339, Star Wars: The Bad Batch,(2021– ),TV-PG,31 min,"Animation, Action, Adventure",7.5,Not Available,"3,133"
340,Crashh,(2021– ),Not Available,23 min,Romance,9.0,Not Available,"3,128"
341,Chakra,(2021),Not Rated,131 min,"Action, Crime, Thriller",7.0,Not Available,"3,116"
342,Age of Samurai: Battle for Japan,(2021– ),TV-MA,Not Available,"Documentary, Action, Adventure",7.4,Not Available,"3,115"
343, Lucifer,(2016– ),TV-14,53 min,"Crime, Drama, Fantasy",9.4,Not Available,"3,106"
344,Tina,(2021),TV-MA,118 min,"Documentary, Biography, History",8.0,81,"3,075"
345,Werewolves Within,(2021),R,97 min,"Comedy, Horror",6.1,65,"3,048"
346,Marvel Studios: Legends,(2021– ),TV-14,7 min,"Action, Fantasy, Sci-Fi",6.5,Not Available,"2,984"
347, Mare of Easttown,(2021),TV-MA,60 min,"Crime, Drama, Mystery",8.3,Not Available,"2,970"
348,First Signal,(2021),Not Available,102 min,"Drama, History, Sci-Fi",7.0,Not Available,"2,956"
349, Mare of Easttown,(2021),TV-MA,56 min,"Crime, Drama, Mystery",8.4,Not Available,"2,943"
350,Generation,(2021– ),TV-MA,Not Available,"Comedy, Drama",6.6,Not Available,"2,942"
351,Bhoomi,(II) (2021),TV-PG,128 min,"Action, Drama",5.0,Not Available,"2,937"
352,Xtreme,(2021),TV-MA,111 min,"Action, Crime, Drama",5.8,Not Available,"2,900"
353, Mare of Easttown,(2021),TV-MA,57 min,"Crime, Drama, Mystery",8.8,Not Available,"2,880"
354,Q: Into the Storm,(2021),TV-MA,353 min,Documentary,7.6,Not Available,"2,870"
355,Law & Order: Organized Crime,(2021– ),TV-14,Not Available,"Crime, Drama, Mystery",7.6,Not Available,"2,862"
356,The Devil Below,(2021),Not Available,88 min,"Horror, Thriller",4.2,Not Available,"2,852"
357,Tunna blå linjen,(2021– ),Not Rated,60 min,"Crime, Drama",8.2,Not Available,"2,843"
358, Black Clover,(2017–2021),TV-PG,24 min,"Animation, Action, Adventure",9.7,Not Available,"2,831"
359,Together Together,(2021),R,90 min,Comedy,6.5,72,"2,812"
360, Black Clover,(2017–2021),TV-PG,24 min,"Animation, Action, Adventure",9.7,Not Available,"2,811"
361, Cobra Kai,(2018– ),TV-14,32 min,"Action, Comedy, Drama",8.2,Not Available,"2,810"
362,Kala,(2021),Not Available,130 min,Thriller,6.9,Not Available,"2,804"
363,Marvel's M.O.D.O.K.,(2021– ),TV-MA,22 min,"Animation, Action, Comedy",6.3,Not Available,"2,799"
364,Breaking News in Yuba County,(2021),R,96 min,"Comedy, Crime, Drama",5.7,24,"2,776"
365, Shadow and Bone,(2021– ),TV-14,52 min,"Action, Adventure, Drama",7.8,Not Available,"2,774"
366,State of Siege: Temple Attack,(2021),Not Available,110 min,"Action, Thriller",8.7,Not Available,"2,772"
367,Mr. Mayor,(2021– ),TV-PG,22 min,Comedy,6.3,Not Available,"2,760"
368,Roberrt,(2021),Not Available,166 min,"Action, Comedy, Musical",6.7,Not Available,"2,723"
369,Son,(2021),Not Rated,98 min,"Horror, Thriller",5.6,54,"2,720"
370,"Crack: Cocaine, Corruption & Conspiracy",(2021),TV-MA,89 min,"Documentary, Crime, History",6.7,Not Available,"2,717"
371,Operation Java,(2021),Not Available,146 min,"Crime, Drama, Thriller",8.2,Not Available,"2,716"
372, Cobra Kai,(2018– ),TV-14,30 min,"Action, Comedy, Drama",8.9,Not Available,"2,704"
373, The Expanse,(2015– ),TV-14,56 min,"Drama, Mystery, Sci-Fi",8.7,Not Available,"2,702"
374, Lucifer,(2016– ),TV-14,63 min,"Crime, Drama, Fantasy",9.5,Not Available,"2,697"
375,Vanquish,(2021),R,94 min,"Action, Crime, Thriller",2.7,22,"2,688"
376, Star Trek: Discovery,(2017– ),TV-14,62 min,"Action, Adventure, Drama",6.3,Not Available,"2,684"
377,Secret Magic Control Agency,(2021),TV-Y7,103 min,"Animation, Adventure, Comedy",6.2,Not Available,"2,654"
378,Record of Ragnarok,(2021– ),TV-14,24 min,"Animation, Action, Adventure",6.2,Not Available,"2,640"
379, Cobra Kai,(2018– ),TV-14,36 min,"Action, Comedy, Drama",8.6,Not Available,"2,639"
380, Cobra Kai,(2018– ),TV-14,38 min,"Action, Comedy, Drama",8.3,Not Available,"2,623"
381, Young Rock,(2021– ),TV-14,Not Available,Comedy,8.8,Not Available,"2,603"
382,Big Shot,(2021– ),TV-PG,Not Available,"Comedy, Drama, Sport",7.5,Not Available,"2,600"
383, One Piece,(1999– ),TV-14,24 min,"Animation, Action, Adventure",9.5,Not Available,"2,594"
384,False Positive,(2021),R,92 min,"Horror, Mystery, Thriller",4.6,54,"2,594"
385,Madame Claude,(2021),TV-MA,112 min,"Biography, Crime, Drama",5.4,Not Available,"2,565"
386, Star Wars: The Bad Batch,(2021– ),TV-PG,28 min,"Animation, Action, Adventure",7.9,Not Available,"2,563"
387, Lupin,(2021– ),TV-MA,52 min,"Action, Crime, Drama",7.8,Not Available,"2,553"
388, Lucifer,(2016– ),TV-14,58 min,"Crime, Drama, Fantasy",8.4,Not Available,"2,549"
389,Skater Girl,(2021),PG,107 min,"Drama, Family, Sport",6.7,Not Available,"2,546"
390,Tribhanga,(2021),TV-MA,95 min,"Drama, Family",6.1,Not Available,"2,540"
391, One Piece,(1999– ),TV-14,24 min,"Animation, Action, Adventure",9.3,Not Available,"2,531"
392,Irul,(2021),Not Available,91 min,"Mystery, Thriller",5.8,Not Available,"2,531"
393,The Djinn,(2021),R,82 min,"Horror, Thriller",4.7,61,"2,517"
394,Country Comfort,(2021),TV-PG,Not Available,"Comedy, Drama, Family",6.9,Not Available,"2,512"
395, Cobra Kai,(2018– ),TV-14,32 min,"Action, Comedy, Drama",8.0,Not Available,"2,500"
396,Solos,(2021– ),TV-14,185 min,"Drama, Fantasy, Sci-Fi",5.8,Not Available,"2,490"
397,The Year Earth Changed,(2021),TV-PG,48 min,Documentary,8.3,Not Available,"2,471"
398,Squared Love,(2021),TV-14,102 min,"Comedy, Romance",5.0,Not Available,"2,433"
399,To Your Eternity,(2021– ),Not Available,25 min,"Animation, Adventure, Drama",9.1,Not Available,"2,432"
400, The Handmaid's Tale,(2017– ),TV-MA,62 min,"Drama, Sci-Fi, Thriller",8.7,Not Available,"2,431"
401,22 vs. Earth,(2021),Not Available,9 min,"Animation, Short, Adventure",6.5,Not Available,"2,428"
402,Sir Alex Ferguson: Never Give In,(2021),PG-13,130 min,Documentary,8.4,68,"2,427"
403, Lucifer,(2016– ),TV-14,55 min,"Crime, Drama, Fantasy",8.5,Not Available,"2,423"
404, Cobra Kai,(2018– ),TV-14,34 min,"Action, Comedy, Drama",8.5,Not Available,"2,419"
405,Cold Case,(2021),Not Available,139 min,"Horror, Mystery, Thriller",6.1,Not Available,"2,417"
406, Cobra Kai,(2018– ),TV-14,28 min,"Action, Comedy, Drama",8.5,Not Available,"2,416"
407,Teddy,(II) (2021),TV-PG,136 min,"Animation, Action, Adventure",6.7,Not Available,"2,393"
408,Oslo,(2021 TV Movie),TV-MA,118 min,"Drama, History, Thriller",6.6,54,"2,381"
409, Doctor Who,(2005– ),TV-PG,71 min,"Adventure, Drama, Family",5.9,Not Available,"2,378"
410,Happily,(2021),R,96 min,"Comedy, Crime, Romance",5.3,58,"2,373"
411,Love Scandals & Doctors,(2021– ),Not Available,20 min,Thriller,8.9,Not Available,"2,370"
412, Shadow and Bone,(2021– ),TV-14,52 min,"Action, Adventure, Drama",7.8,Not Available,"2,365"
413,Kevin Can F**k Himself,(2021– ),TV-MA,Not Available,"Comedy, Drama",6.5,Not Available,"2,365"
414, Dracula,(2021– ),Not Available,Not Available,"Comedy, Drama",9.5,Not Available,"2,352"
415,Resident Evil Village,(2021 Video Game),M,Not Available,"Action, Adventure, Fantasy",8.9,Not Available,"2,349"
416,The Seventh Day,(2021),R,87 min,"Horror, Mystery",4.4,43,"2,341"
417, Cobra Kai,(2018– ),TV-14,29 min,"Action, Comedy, Drama",8.3,Not Available,"2,341"
418, Euphoria,(2019– ),TV-MA,49 min,Drama,8.8,Not Available,"2,334"
419, Lupin,(2021– ),TV-MA,42 min,"Action, Crime, Drama",7.6,Not Available,"2,333"
420,Vitthal Teedi,(2021– ),Not Available,185 min,Drama,9.5,Not Available,"2,332"
421,Rashash,(2021),Not Available,Not Available,"Action, Drama, Thriller",9.2,Not Available,"2,332"
422,Move to Heaven,(2021– ),TV-MA,60 min,Drama,8.7,Not Available,"2,323"
423, Shadow and Bone,(2021– ),TV-14,58 min,"Action, Adventure, Drama",8.6,Not Available,"2,320"
424,The Forever Purge,(2021),R,103 min,"Action, Horror, Thriller",5.9,54,"2,303"
425,Rebel,(2021),TV-14,Not Available,"Crime, Drama",7.0,Not Available,"2,299"
426,Tokyo Revengers,(2021– ),TV-14,24 min,"Animation, Action, Drama",8.6,Not Available,"2,287"
427,Recalled,(2021),Not Available,99 min,"Drama, Mystery, Thriller",6.9,Not Available,"2,285"
428, Lupin,(2021– ),TV-MA,43 min,"Action, Crime, Drama",7.7,Not Available,"2,266"
429, Dracula,(2021– ),Not Available,Not Available,"Comedy, Drama",9.6,Not Available,"2,261"
430, Lupin,(2021– ),TV-MA,47 min,"Action, Crime, Drama",7.6,Not Available,"2,257"
431,Mohanagar,(2021– ),Not Available,Not Available,Thriller,8.7,Not Available,"2,256"
432, The Expanse,(2015– ),TV-14,54 min,"Drama, Mystery, Sci-Fi",7.6,Not Available,"2,254"
433,Kaadan,(2021),Not Available,170 min,"Action, Drama, Fantasy",9.0,Not Available,"2,249"
434,The Way of the Househusband,(2021– ),TV-14,16 min,"Animation, Action, Comedy",7.3,Not Available,"2,249"
435, Star Wars: The Bad Batch,(2021– ),TV-PG,26 min,"Animation, Action, Adventure",7.6,Not Available,"2,235"
436, Boruto: Naruto Next Generations,(2017– ),TV-14,24 min,"Animation, Action, Adventure",9.8,Not Available,"2,221"
437,Bling Empire,(2021– ),TV-MA,38 min,Reality-TV,5.8,Not Available,"2,216"
438,Sijipeuseu: The Myth,(2021– ),Not Rated,70 min,"Action, Drama, Fantasy",7.1,Not Available,"2,211"
439, Shadow and Bone,(2021– ),TV-14,48 min,"Action, Adventure, Drama",7.9,Not Available,"2,191"
440,Kung Fu,(2021– ),TV-14,Not Available,"Action, Adventure, Drama",5.0,Not Available,"2,188"
441,One,(II) (2021),Not Available,151 min,"Drama, Thriller",6.6,Not Available,"2,187"
442,Trese,(2021– ),TV-MA,33 min,"Animation, Action, Adventure",7.1,Not Available,"2,172"
443, The Handmaid's Tale,(2017– ),TV-MA,58 min,"Drama, Sci-Fi, Thriller",8.9,Not Available,"2,168"
444, Jujutsu Kaisen,(2020– ),TV-MA,24 min,"Animation, Action, Adventure",9.6,Not Available,"2,167"
445, The Frog,(2020–2021),Not Rated,44 min,"Crime, Drama, Mystery",8.5,Not Available,"2,167"
446, The Expanse,(2015– ),TV-14,48 min,"Drama, Mystery, Sci-Fi",8.0,Not Available,"2,162"
447, Line of Duty,(2012– ),TV-14,57 min,"Crime, Drama, Mystery",5.5,Not Available,"2,157"
448, Dracula,(2021– ),Not Available,Not Available,"Comedy, Drama",9.6,Not Available,"2,153"
449, Dracula,(2021– ),Not Available,Not Available,"Comedy, Drama",9.6,Not Available,"2,148"
450, Dracula,(2021– ),Not Available,Not Available,"Comedy, Drama",9.7,Not Available,"2,146"
451, The Frog,(2020–2021),Not Rated,46 min,"Crime, Drama, Mystery",8.5,Not Available,"2,140"
452,We Children from Bahnhof Zoo,(2021),Not Rated,Not Available,Drama,6.3,Not Available,"2,130"
453, Dracula,(2021– ),Not Available,Not Available,"Comedy, Drama",9.7,Not Available,"2,119"
454, Star Wars: The Bad Batch,(2021– ),TV-PG,27 min,"Animation, Action, Adventure",8.6,Not Available,"2,119"
455, Shadow and Bone,(2021– ),TV-14,45 min,"Action, Adventure, Drama",8.6,Not Available,"2,108"
456,The Power,(II) (2021),Not Available,92 min,Horror,5.6,60,"2,107"
457, Star Wars: The Bad Batch,(2021– ),TV-PG,24 min,"Animation, Action, Adventure",9.0,Not Available,"2,107"
458, Boruto: Naruto Next Generations,(2017– ),TV-14,24 min,"Animation, Action, Adventure",9.6,Not Available,"2,106"
459, Young Rock,(2021– ),TV-PG,Not Available,Comedy,9.1,Not Available,"2,105"
460,Eeswaran,(2021),Not Rated,130 min,"Action, Drama",4.7,Not Available,"2,105"
461, One Piece,(1999– ),TV-14,Not Available,"Animation, Action, Adventure",9.5,Not Available,"2,103"
462, Shadow and Bone,(2021– ),TV-14,51 min,"Action, Adventure, Drama",8.1,Not Available,"2,094"
463, Superman and Lois,(2021– ),TV-PG,44 min,"Action, Adventure, Drama",8.4,Not Available,"2,093"
464,Nezha Reborn,(2021),Not Available,118 min,"Animation, Action, Fantasy",6.9,Not Available,"2,086"
465, Castlevania,(2017–2021),TV-MA,31 min,"Animation, Action, Adventure",9.8,Not Available,"2,075"
466,Alma Matters - Inside the IIT Dream,(2021),Not Available,150 min,Documentary,8.6,Not Available,"2,069"
467,Word of Honor,(2021– ),TV-14,45 min,"Action, Drama, Fantasy",9.1,Not Available,"2,066"
468, The Promised Neverland,(2019–2021),TV-14,23 min,"Animation, Adventure, Drama",2.6,Not Available,"2,046"
469, Star Wars: The Bad Batch,(2021– ),TV-PG,23 min,"Animation, Action, Adventure",7.4,Not Available,"2,045"
470, South Park,(1997– ),TV-MA,46 min,"Animation, Comedy",7.5,Not Available,"2,044"
471,The Lost Pirate Kingdom,(2021– ),TV-MA,Not Available,"Documentary, Adventure, Drama",6.6,Not Available,"2,043"
472,Life in Colour,(2021– ),TV-PG,59 min,Documentary,8.3,Not Available,"2,039"
473,The Great Escapists,(2021– ),TV-14,Not Available,"Documentary, Adventure, Comedy",5.7,Not Available,"2,017"
474, Star Wars: The Bad Batch,(2021– ),TV-PG,21 min,"Animation, Action, Adventure",7.2,Not Available,"2,014"
475, The Frog,(2020–2021),Not Rated,50 min,"Crime, Drama, Mystery",7.9,Not Available,"2,012"
476,iCarly,(2021– ),TV-14,26 min,"Comedy, Drama, Romance",7.1,Not Available,"2,008"
477," Re: Zero, Starting Life in Another World",(2016– ),TV-14,30 min,"Animation, Adventure, Drama",9.8,Not Available,"2,005"
478,Infinitum: Subject Unknown,(2021),Not Available,86 min,"Mystery, Sci-Fi",5.5,Not Available,"2,005"
479, The Frog,(2020–2021),Not Rated,44 min,"Crime, Drama, Mystery",8.3,Not Available,"2,004"
480, Dracula,(2021– ),Not Available,Not Available,"Comedy, Drama",9.6,Not Available,"2,002"
481,Bir Yeralti Sitcom'u,(2021– ),Not Available,Not Available,Comedy,7.6,Not Available,"2,001"
482,Kid 90,(2021),TV-MA,71 min,"Documentary, Biography, History",6.9,67,"1,999"
483, The Expanse,(2015– ),TV-14,52 min,"Drama, Mystery, Sci-Fi",7.8,Not Available,"1,997"
484, Lucifer,(2016– ),TV-14,53 min,"Crime, Drama, Fantasy",8.5,Not Available,"1,997"
485,Every Breath You Take,(2021),R,105 min,"Drama, Mystery, Thriller",5.2,32,"1,996"
486, Lucifer,(2016– ),TV-14,59 min,"Crime, Drama, Fantasy",9.0,Not Available,"1,996"
487,Starstruck,(2021– ),Not Available,30 min,Comedy,7.7,Not Available,"1,995"
488,Nizhal,(2021),Not Rated,118 min,"Drama, Mystery, Thriller",6.4,Not Available,"1,976"
489, Shadow and Bone,(2021– ),TV-14,54 min,"Action, Adventure, Drama",8.2,Not Available,"1,973"
490,Marasli,(2021– ),Not Available,120 min,Drama,7.9,Not Available,"1,973"
491, The Handmaid's Tale,(2017– ),TV-MA,54 min,"Drama, Sci-Fi, Thriller",8.1,Not Available,"1,966"
492, Your Honor,(2020–2021),TV-MA,59 min,"Crime, Drama, Thriller",7.3,Not Available,"1,960"
493, The Frog,(2020–2021),Not Rated,46 min,"Crime, Drama, Mystery",7.7,Not Available,"1,956"
494, The Frog,(2020–2021),Not Rated,47 min,"Crime, Drama, Mystery",7.8,Not Available,"1,953"
495,Payback,(2021),Not Available,91 min,Thriller,6.0,Not Available,"1,947"
496,Jeet Ki Zid,(2021– ),Not Available,40 min,"Action, Drama",8.5,Not Available,"1,940"
497,Born a Champion,(2021),R,112 min,"Action, Drama, Sport",7.0,Not Available,"1,938"
498,The Yinyang Master,(2021),Not Available,113 min,"Action, Adventure, Drama",6.4,Not Available,"1,922"
499, Fear the Walking Dead,(2015– ),TV-MA,51 min,"Drama, Horror, Sci-Fi",8.0,Not Available,"1,921"
500, Shadow and Bone,(2021– ),TV-14,52 min,"Action, Adventure, Drama",8.4,Not Available,"1,917"
501,Wild Dog,(2021),TV-MA,145 min,"Action, Adventure, Crime",6.3,Not Available,"1,914"
502, The Expanse,(2015– ),TV-14,51 min,"Drama, Mystery, Sci-Fi",8.1,Not Available,"1,911"
503,Cinema Bandi,(2021),Not Available,98 min,"Comedy, Drama",8.0,Not Available,"1,909"
504,Coyote,(2021– ),TV-MA,290 min,"Crime, Drama, Thriller",6.8,Not Available,"1,908"
505,Lisey's Story,(2021),TV-MA,Not Available,"Drama, Horror, Mystery",5.9,Not Available,"1,902"
506,Mouse,(2021– ),Not Available,80 min,"Action, Crime, Mystery",8.8,Not Available,"1,890"
507,Gibi,(2021– ),Not Available,30 min,Comedy,8.5,Not Available,"1,885"
508, The Frog,(2020–2021),Not Rated,48 min,"Crime, Drama, Mystery",8.0,Not Available,"1,884"
509,Last Chance U: Basketball,(2021– ),TV-MA,Not Available,"Documentary, Sport",8.4,Not Available,"1,884"
510, The Frog,(2020–2021),Not Rated,48 min,"Crime, Drama, Mystery",7.6,Not Available,"1,882"
511,Mai Hero Boll Raha Hu,(2021– ),Not Available,Not Available,"Action, Thriller",8.9,Not Available,"1,874"
512,B.A. Pass 3,(2021),Not Available,136 min,"Drama, Romance",8.1,Not Available,"1,870"
513, Lucifer,(2016– ),TV-14,61 min,"Crime, Drama, Fantasy",8.5,Not Available,"1,864"
514,Sophie: A Murder in West Cork,(2021),TV-14,164 min,"Documentary, Crime, History",7.0,Not Available,"1,860"
515, The Frog,(2020–2021),Not Rated,54 min,"Crime, Drama, Mystery",7.7,Not Available,"1,854"
516, Dracula,(2021– ),Not Available,Not Available,"Comedy, Drama",9.7,Not Available,"1,849"
517, The Frog,(2020–2021),Not Rated,45 min,"Crime, Drama, Mystery",7.9,Not Available,"1,844"
518, Jujutsu Kaisen,(2020– ),TV-MA,24 min,"Animation, Action, Adventure",9.3,Not Available,"1,838"
519,Red,(I) (2021),TV-14,146 min,"Action, Crime, Drama",6.6,Not Available,"1,834"
520,The Pursuit of Love,(2021– ),Not Available,Not Available,"Drama, Romance",6.6,Not Available,"1,826"
521,Indori Ishq,(2021– ),Not Available,25 min,"Comedy, Drama, Romance",7.3,Not Available,"1,825"
522, Young Rock,(2021– ),TV-14,24 min,Comedy,7.8,Not Available,"1,820"
523, Jujutsu Kaisen,(2020– ),TV-MA,24 min,"Animation, Action, Adventure",9.2,Not Available,"1,819"
524, The Frog,(2020–2021),Not Rated,53 min,"Crime, Drama, Mystery",7.6,Not Available,"1,816"
525, The Frog,(2020–2021),Not Rated,52 min,"Crime, Drama, Mystery",7.9,Not Available,"1,815"
526,The Soul,(2021),Not Available,130 min,"Drama, Mystery, Sci-Fi",6.7,Not Available,"1,815"
527,Physical,(2021– ),TV-MA,Not Available,"Comedy, Drama",7.1,Not Available,"1,793"
528,The Great North,(2021– ),TV-14,21 min,"Animation, Comedy",6.5,Not Available,"1,792"
529, Resident Alien,(2021– ),TV-14,47 min,"Comedy, Drama, Mystery",8.3,Not Available,"1,791"
530,Plan B,(II) (2021),TV-MA,107 min,Comedy,6.7,74,"1,790"
531,Wonder Egg Priority,(2021– ),TV-MA,23 min,"Animation, Action, Drama",8.1,Not Available,"1,786"
532,Domina,(2021– ),Not Available,Not Available,"Drama, History",7.0,Not Available,"1,775"
533,Too Close,(2021),Not Available,143 min,"Crime, Drama, Thriller",6.7,Not Available,"1,771"
534,The Pact,(2021– ),Not Available,Not Available,Thriller,6.8,Not Available,"1,767"
535, One Piece,(1999– ),TV-14,24 min,"Animation, Action, Adventure",9.3,Not Available,"1,758"
536,Dystopia,(2021– ),Not Available,Not Available,Horror,8.4,Not Available,"1,756"
537, Dracula,(2021– ),Not Available,Not Available,"Comedy, Drama",9.7,Not Available,"1,751"
538,Exterminate All the Brutes,(2021),TV-MA,232 min,"Documentary, History",6.8,Not Available,"1,746"
539, Young Rock,(2021– ),TV-14,Not Available,Comedy,9.0,Not Available,"1,737"
540,A Perfect Planet,(2021),TV-PG,245 min,Documentary,9.1,Not Available,"1,736"
541,LOL: Last One Laughing Germany,(2021– ),Not Available,Not Available,"Comedy, Reality-TV",7.8,Not Available,"1,735"
542, Fear the Walking Dead,(2015– ),TV-MA,48 min,"Drama, Horror, Sci-Fi",6.2,Not Available,"1,733"
543,Zombie Reddy,(2021),Not Available,130 min,"Action, Comedy, Horror",7.0,Not Available,"1,727"
544, The Handmaid's Tale,(2017– ),TV-MA,41 min,"Drama, Sci-Fi, Thriller",7.7,Not Available,"1,724"
545,Tenkuu Shinpan,(2021– ),TV-MA,25 min,"Animation, Action, Horror",6.7,Not Available,"1,717"
546, Superman and Lois,(2021– ),TV-PG,43 min,"Action, Adventure, Drama",8.3,Not Available,"1,717"
547, The Frog,(2020–2021),Not Rated,71 min,"Crime, Drama, Mystery",7.3,Not Available,"1,714"
548, One Piece,(1999– ),TV-14,Not Available,"Animation, Action, Adventure",9.5,Not Available,"1,712"
549, The Handmaid's Tale,(2017– ),TV-MA,47 min,"Drama, Sci-Fi, Thriller",8.8,Not Available,"1,712"
550,Homunculus,(2021),TV-MA,115 min,"Drama, Fantasy, Mystery",5.6,Not Available,"1,704"
551,Doors,(2021),Not Available,84 min,Sci-Fi,3.3,Not Available,"1,703"
552, The Handmaid's Tale,(2017– ),TV-MA,48 min,"Drama, Sci-Fi, Thriller",8.1,Not Available,"1,703"
553,Dude,(2021– ),Not Available,32 min,"Drama, Mystery, Thriller",9.2,Not Available,"1,700"
554, Fear the Walking Dead,(2015– ),TV-MA,51 min,"Drama, Horror, Sci-Fi",8.5,Not Available,"1,700"
555,The Upshaws,(2021– ),TV-14,Not Available,Comedy,6.9,Not Available,"1,696"
556,Twist,(2021),R,90 min,"Action, Drama",4.0,Not Available,"1,695"
557, Jujutsu Kaisen,(2020– ),TV-MA,24 min,"Animation, Action, Adventure",9.1,Not Available,"1,692"
558, The Flash,(2014– ),TV-PG,42 min,"Action, Adventure, Drama",8.5,Not Available,"1,684"
559,One Small Story,(2021),Not Available,134 min,"Comedy, Drama",7.3,Not Available,"1,664"
560,Leonardo,(2021– ),Not Rated,52 min,"Biography, Drama, History",7.2,Not Available,"1,660"
561, The Flash,(2014– ),TV-PG,42 min,"Action, Adventure, Drama",7.3,Not Available,"1,652"
562, The Handmaid's Tale,(2017– ),TV-MA,45 min,"Drama, Sci-Fi, Thriller",8.2,Not Available,"1,652"
563, The Handmaid's Tale,(2017– ),TV-MA,47 min,"Drama, Sci-Fi, Thriller",8.0,Not Available,"1,646"
564,Cypher,(2021– ),Not Available,Not Available,"Action, Crime, Drama",6.5,Not Available,"1,633"
565,SK8 the Infinity,(2021– ),Not Available,Not Available,"Animation, Adventure, Comedy",8.2,Not Available,"1,630"
566,Douluo Continent,(2021– ),Not Available,38 min,"Action, Fantasy, Horror",9.0,Not Available,"1,626"
567, One Piece,(1999– ),TV-14,24 min,"Animation, Action, Adventure",9.4,Not Available,"1,625"
568, When Calls the Heart,(2014– ),TV-G,Not Available,"Drama, Family, Romance",5.0,Not Available,"1,617"
569,Nenjam Marappathillai,(2021),Not Available,150 min,"Horror, Thriller",6.4,Not Available,"1,615"
570,Gaali Sampath,(2021),Not Available,130 min,Drama,7.3,Not Available,"1,609"
571,Surviving Death,(2021– ),TV-MA,50 min,"Documentary, Reality-TV",6.1,Not Available,"1,603"
572, Black Clover,(2017–2021),TV-14,24 min,"Animation, Action, Adventure",9.6,Not Available,"1,599"
573,Men in Kilts: A Roadtrip with Sam and Graham,(2021– ),TV-14,Not Available,"Documentary, Comedy, Reality-TV",8.8,Not Available,"1,597"
574, Walker,(2021– ),TV-PG,42 min,"Action, Crime, Drama",6.9,Not Available,"1,582"
575,Just Say Yes,(2021),TV-MA,97 min,"Comedy, Romance",4.5,Not Available,"1,579"
576,Redo of Healer,(2021– ),TV-MA,24 min,"Animation, Action, Adventure",6.3,Not Available,"1,578"
577,Intergalactic,(2021– ),Not Rated,Not Available,"Drama, Sci-Fi",4.1,Not Available,"1,577"
578,Dad Stop Embarrassing Me!,(2021),TV-PG,25 min,"Comedy, Family",4.2,Not Available,"1,577"
579,30 Rojullo Preminchadam Ela?,(2021),Not Available,143 min,Romance,7.6,Not Available,"1,574"
580, The Flash,(2014– ),TV-PG,42 min,"Action, Adventure, Drama",5.4,Not Available,"1,571"
581,The Power,(I) (2021),Not Available,153 min,"Action, Crime, Drama",5.7,Not Available,"1,569"
582,Demi Lovato: Dancing with the Devil,(2021),TV-14,94 min,"Documentary, Music",8.2,Not Available,"1,565"
583,Gaia,(2021),R,96 min,"Drama, Fantasy, Horror",5.4,64,"1,564"
584, Jupiter's Legacy,(2021),TV-MA,47 min,"Action, Adventure, Drama",7.2,Not Available,"1,562"
585,WeWork: Or the Making and Breaking of a $47 Billion Unicorn,(2021),TV-MA,104 min,Documentary,6.6,56,"1,561"
586,Bad President,(2021),Not Available,90 min,"Comedy, Fantasy",5.2,Not Available,"1,557"
587, Star Wars: The Bad Batch,(2021– ),TV-PG,25 min,"Animation, Action, Adventure",8.4,Not Available,"1,545"
588, Young Rock,(2021– ),TV-PG,Not Available,Comedy,8.5,Not Available,"1,539"
589, Jujutsu Kaisen,(2020– ),TV-MA,24 min,"Animation, Action, Adventure",8.9,Not Available,"1,538"
590,Paradise City,(2021– ),TV-MA,Not Available,"Drama, Fantasy, Music",6.9,Not Available,"1,537"
591, The Rookie,(2018– ),TV-14,Not Available,"Comedy, Crime, Drama",4.1,Not Available,"1,535"
592,The Drowning,(2021),Not Available,Not Available,"Drama, Mystery, Thriller",5.5,Not Available,"1,534"
593, For All Mankind,(2019– ),TV-MA,76 min,"Drama, Sci-Fi",9.6,Not Available,"1,520"
594,Kathmandu Connection,(2021– ),Not Available,Not Available,"Action, Crime, Thriller",5.8,Not Available,"1,517"
595, Black Clover,(2017–2021),TV-PG,24 min,"Animation, Action, Adventure",9.8,Not Available,"1,516"
596, Racket Boys,(2021– ),TV-14,86 min,"Comedy, Drama, Sport",1.0,Not Available,"1,513"
597, Sweet Tooth,(2021– ),TV-14,Not Available,"Action, Adventure, Drama",8.1,Not Available,"1,512"
598,Dogu,(2021– ),Not Available,Not Available,Comedy,7.4,Not Available,"1,512"
599,The Me You Can't See,(2021– ),TV-MA,Not Available,Documentary,5.3,Not Available,"1,510"
600,Frank of Ireland,(2021– ),TV-MA,Not Available,Comedy,6.7,Not Available,"1,510"
601, Your Honor,(2020–2021),TV-MA,54 min,"Crime, Drama, Thriller",8.4,Not Available,"1,507"
602,Girls5eva,(2021– ),TV-MA,Not Available,"Comedy, Music",7.2,Not Available,"1,503"
603,Mosagallu,(2021),Not Available,85 min,Drama,6.2,Not Available,"1,487"
604,Narco Sub,(2021),R,93 min,"Action, Crime, Drama",6.4,Not Available,"1,484"
605,Saat Kadam,(2021– ),Not Available,120 min,"Drama, Sport",8.5,Not Available,"1,482"
606, Superman and Lois,(2021– ),TV-PG,44 min,"Action, Adventure, Drama",8.1,Not Available,"1,481"
607, One Piece,(1999– ),TV-14,Not Available,"Animation, Action, Adventure",9.4,Not Available,"1,479"
608,We Are Lady Parts,(2021– ),TV-MA,24 min,"Comedy, Music",7.9,Not Available,"1,478"
609, The Nevers,(2021– ),TV-MA,64 min,"Action, Drama, Fantasy",7.8,Not Available,"1,477"
610,Pixar Popcorn,(2021– ),TV-PG,19 min,"Animation, Short, Comedy",6.6,Not Available,"1,469"
611,Nail Bomber: Manhunt,(2021),TV-MA,72 min,"Documentary, Crime, History",6.3,Not Available,"1,467"
612,Fake Famous,(2021 TV Movie),TV-MA,87 min,Documentary,6.6,Not Available,"1,458"
613, Batwoman,(2019– ),TV-14,42 min,"Action, Adventure, Crime",4.4,Not Available,"1,458"
614, Shameless,(2011–2021),TV-MA,50 min,"Comedy, Drama",6.1,Not Available,"1,455"
615, Castlevania,(2017–2021),TV-MA,31 min,"Animation, Action, Adventure",9.6,Not Available,"1,442"
616, Anne Boleyn,(2021– ),Not Available,Not Available,"Drama, History",3.9,Not Available,"1,438"
617,Home Economics,(2021– ),TV-PG,30 min,Comedy,6.2,Not Available,"1,437"
618,Elite Short Stories: Carla Samuel,(2021),TV-MA,43 min,"Short, Drama, Romance",7.0,Not Available,"1,437"
619,Madam Chief Minister,(2021),TV-14,130 min,Drama,4.6,Not Available,"1,433"
620, Young Rock,(2021– ),TV-14,Not Available,Comedy,8.4,Not Available,"1,433"
621, Fear the Walking Dead,(2015– ),TV-MA,45 min,"Drama, Horror, Sci-Fi",7.5,Not Available,"1,431"
622, Jujutsu Kaisen,(2020– ),TV-MA,24 min,"Animation, Action, Adventure",8.6,Not Available,"1,429"
623,Vellam,(I) (2021),Not Available,154 min,"Biography, Drama",7.7,Not Available,"1,426"
624,Climax,(2021),Not Available,80 min,Thriller,8.0,Not Available,"1,426"
625,Zebra Girl,(2021),Not Available,79 min,"Mystery, Thriller",7.0,Not Available,"1,420"
626, Castlevania,(2017–2021),TV-MA,27 min,"Animation, Action, Adventure",9.4,Not Available,"1,419"
627, One Piece,(1999– ),TV-14,Not Available,"Animation, Action, Adventure",9.5,Not Available,"1,410"
628,Dom,(2021– ),TV-MA,60 min,"Crime, Drama",7.2,Not Available,"1,409"
629, One Piece,(1999– ),TV-14,Not Available,"Animation, Action, Adventure",9.2,Not Available,"1,406"
630, Fear the Walking Dead,(2015– ),TV-MA,47 min,"Drama, Horror, Sci-Fi",8.1,Not Available,"1,403"
631,Secrets of Sinauli,(2021),Not Available,56 min,"Documentary, History",9.3,Not Available,"1,402"
632, Racket Boys,(2021– ),TV-14,Not Available,"Comedy, Drama, Sport",1.0,Not Available,"1,399"
633,Finding Alice,(2021– ),Not Rated,46 min,"Comedy, Drama",5.7,Not Available,"1,397"
634,Jakob's Wife,(2021),Not Rated,98 min,Horror,5.3,59,"1,395"
635,Cabras da Peste,(2021),TV-14,97 min,"Action, Comedy, Crime",6.2,Not Available,"1,390"
636, One Piece,(1999– ),TV-14,Not Available,"Animation, Action, Adventure",9.0,Not Available,"1,390"
637,Grace,(2021– ),Not Available,90 min,"Crime, Drama, Mystery",7.1,Not Available,"1,389"
638, Racket Boys,(2021– ),TV-14,61 min,"Comedy, Drama, Sport",1.0,Not Available,"1,388"
639, Your Honor,(2020–2021),TV-MA,57 min,"Crime, Drama, Thriller",8.1,Not Available,"1,383"
640, One Piece,(1999– ),TV-14,Not Available,"Animation, Action, Adventure",9.0,Not Available,"1,382"
641, This Is Us,(2016–2022),TV-14,43 min,"Comedy, Drama, Romance",9.0,Not Available,"1,376"
642, The Handmaid's Tale,(2017– ),TV-MA,57 min,"Drama, Sci-Fi, Thriller",8.6,Not Available,"1,376"
643, The Blacklist,(2013– ),TV-14,43 min,"Crime, Drama, Mystery",4.6,Not Available,"1,373"
644, Jujutsu Kaisen,(2020– ),TV-MA,24 min,"Animation, Action, Adventure",8.2,Not Available,"1,370"
645,Shukra,(2021),Not Available,119 min,Drama,7.5,Not Available,"1,362"
646, Jujutsu Kaisen,(2020– ),TV-MA,24 min,"Animation, Action, Adventure",8.0,Not Available,"1,362"
647,I want to be alive,(2021– ),TV-14,50 min,"Drama, Romance, Thriller",6.1,Not Available,"1,360"
648,Wagle Ki Duniya,(2021– ),Not Available,Not Available,Comedy,9.3,Not Available,"1,359"
649,Rang De,(2021),Not Available,130 min,"Comedy, Drama, Romance",6.8,Not Available,"1,358"
650,The Crime of the Century,(2021),TV-MA,231 min,"Documentary, Crime",8.1,Not Available,"1,354"
651, The Promised Neverland,(2019–2021),TV-14,23 min,"Animation, Adventure, Drama",8.5,Not Available,"1,354"
652, Resident Alien,(2021– ),TV-14,44 min,"Comedy, Drama, Mystery",8.0,Not Available,"1,350"
653,Porodica,(2021– ),Not Available,Not Available,"Drama, History",7.5,Not Available,"1,350"
654, Superman and Lois,(2021– ),TV-PG,Not Available,"Action, Adventure, Drama",8.2,Not Available,"1,347"
655,Yesilçam: Bir Sinema Hayvani,(2021– ),Not Available,Not Available,"Drama, History, Romance",8.1,Not Available,"1,344"
656,Elite Short Stories: Guzmán Caye Rebe,(2021),TV-MA,36 min,"Short, Crime, Drama",7.5,Not Available,"1,343"
657,G - Zombie,(2021),Not Available,116 min,Sci-Fi,7.1,Not Available,"1,341"
658, Fear the Walking Dead,(2015– ),TV-MA,48 min,"Drama, Horror, Sci-Fi",8.0,Not Available,"1,339"
659,Bad Luck Banging or Loony Porn,(2021),Not Available,106 min,"Comedy, Drama",6.8,67,"1,335"
660,One and the Same,(2021),Not Rated,110 min,Mystery,6.7,Not Available,"1,332"
661,Can't Get You Out of My Head,(2021),Not Available,Not Available,"Documentary, History",8.6,Not Available,"1,332"
662,Body Brokers,(2021),R,111 min,"Crime, Drama, Thriller",6.2,64,"1,331"
663,Seobok,(2021),TV-MA,114 min,"Action, Sci-Fi, Thriller",6.2,Not Available,"1,330"
664, One Piece,(1999– ),TV-14,Not Available,"Animation, Action, Adventure",9.2,Not Available,"1,329"
665, Behind Her Eyes,(2021),TV-MA,50 min,"Drama, Mystery, Thriller",8.2,Not Available,"1,326"
666,P!nk: All I Know So Far,(2021),TV-14,99 min,"Documentary, Biography, Music",7.9,60,"1,318"
667, One Piece,(1999– ),TV-14,Not Available,"Animation, Action, Adventure",9.3,Not Available,"1,316"
668, Dracula,(2021– ),Not Available,Not Available,"Comedy, Drama",9.7,Not Available,"1,312"
669, One Piece,(1999– ),TV-14,Not Available,"Animation, Action, Adventure",9.4,Not Available,"1,309"
670,"Summer of Soul (...Or, When the Revolution Could Not Be Televised)",(2021),PG-13,117 min,"Documentary, Music",8.3,96,"1,306"
671, Your Honor,(2020–2021),TV-MA,56 min,"Crime, Drama, Thriller",8.0,Not Available,"1,299"
672,Sweet & Sour,(2021),TV-14,101 min,"Comedy, Romance",6.8,Not Available,"1,298"
673,Vivy: Fluorite Eye's Song,(2021– ),Not Available,Not Available,"Animation, Action, Sci-Fi",8.6,Not Available,"1,297"
674,Secrets of Sulphur Springs,(2021– ),TV-PG,24 min,"Adventure, Drama, Family",7.8,Not Available,"1,297"
675, Young Rock,(2021– ),TV-PG,21 min,Comedy,7.5,Not Available,"1,296"
676,"Money, Explained",(2021),TV-14,23 min,Documentary,6.9,Not Available,"1,293"
677, One Piece,(1999– ),TV-14,Not Available,"Animation, Action, Adventure",9.5,Not Available,"1,283"
678,Spirit Untamed,(2021),PG,88 min,"Animation, Adventure, Family",5.4,48,"1,283"
679, Bang Baang,(2021– ),Not Available,Not Available,"Action, Thriller",9.3,Not Available,"1,281"
680, The Blacklist,(2013– ),TV-14,42 min,"Crime, Drama, Mystery",5.1,Not Available,"1,281"
681, Fear the Walking Dead,(2015– ),TV-MA,45 min,"Drama, Horror, Sci-Fi",8.1,Not Available,"1,279"
682,Gossip Girl,(2021– ),TV-MA,60 min,"Drama, Romance",5.4,Not Available,"1,279"
683,Doom at Your Service,(2021– ),Not Available,65 min,"Drama, Fantasy, Romance",8.4,Not Available,"1,267"
684,MMOF,(2021),Not Available,108 min,Drama,7.0,Not Available,"1,266"
685, Wynonna Earp,(2016–2021),TV-MA,43 min,"Action, Drama, Fantasy",9.4,Not Available,"1,264"
686, One Piece,(1999– ),TV-14,Not Available,"Animation, Action, Adventure",9.8,Not Available,"1,264"
687, Jujutsu Kaisen,(2020– ),TV-MA,24 min,"Animation, Action, Adventure",8.2,Not Available,"1,264"
688, Jupiter's Legacy,(2021),TV-MA,35 min,"Action, Adventure, Drama",7.0,Not Available,"1,264"
689,Hello Jee,(2021– ),Not Available,22 min,"Romance, Thriller",7.9,Not Available,"1,253"
690,"Don't Toy with Me, Miss Nagatoro",(2021– ),TV-14,24 min,"Animation, Comedy, Romance",7.5,Not Available,"1,253"
691,OK Computer,(2021– ),Not Available,240 min,"Comedy, Crime, Mystery",5.4,Not Available,"1,250"
692, Your Honor,(2020–2021),TV-MA,58 min,"Crime, Drama, Thriller",7.7,Not Available,"1,249"
693, One Piece,(1999– ),TV-14,Not Available,"Animation, Action, Adventure",9.1,Not Available,"1,248"
694,Son Yaz,(2021– ),Not Available,120 min,Drama,7.9,Not Available,"1,248"
695,A Writer's Odyssey,(2021),Not Available,130 min,"Action, Adventure, Crime",6.3,Not Available,"1,243"
696, Star Wars: The Bad Batch,(2021– ),TV-PG,25 min,"Animation, Action, Adventure",7.5,Not Available,"1,236"
697, Young Rock,(2021– ),TV-14,21 min,Comedy,7.9,Not Available,"1,236"
698,Agent Revelation,(2021),Not Available,86 min,"Action, Sci-Fi, Thriller",5.7,Not Available,"1,234"
699,Kill Plan,(2021),Not Available,71 min,Thriller,5.2,Not Available,"1,232"
700, Anne Boleyn,(2021– ),Not Available,Not Available,"Drama, History",3.9,Not Available,"1,230"
701, Lupin,(2021– ),TV-MA,43 min,"Action, Crime, Drama",7.1,Not Available,"1,229"
702,Kenan,(2021– ),TV-PG,Not Available,Comedy,5.6,Not Available,"1,221"
703,Headspace Guide to Meditation,(2021),TV-G,173 min,"Documentary, Animation",8.5,Not Available,"1,217"
704,Marvel Studios: Assembled,(2021– ),TV-14,58 min,Documentary,8.0,Not Available,"1,213"
705, Sweet Tooth,(2021– ),TV-14,Not Available,"Action, Adventure, Drama",8.2,Not Available,"1,213"
706, The Flash,(2014– ),TV-PG,42 min,"Action, Adventure, Drama",6.5,Not Available,"1,207"
707, The Handmaid's Tale,(2017– ),TV-MA,52 min,"Drama, Sci-Fi, Thriller",8.2,Not Available,"1,200"
708,Daughter from Another Mother,(2021– ),TV-MA,Not Available,"Comedy, Drama, Fantasy",7.4,Not Available,"1,196"
709,Ride or Die,(III) (2021),TV-MA,142 min,"Drama, Romance, Thriller",5.5,64,"1,195"
710, Ray,(2021– ),TV-14,Not Available,"Crime, Drama, Thriller",7.7,Not Available,"1,192"
711,Mehndi Hai Rachne Waali,(2021– ),Not Available,24 min,"Drama, Romance",9.0,Not Available,"1,190"
712, The Blacklist,(2013– ),TV-14,43 min,"Crime, Drama, Mystery",7.3,Not Available,"1,188"
713, Resident Alien,(2021– ),TV-14,44 min,"Comedy, Drama, Mystery",7.9,Not Available,"1,186"
714, Your Honor,(2020–2021),TV-MA,52 min,"Crime, Drama, Thriller",8.1,Not Available,"1,185"
715," Re: Zero, Starting Life in Another World",(2016– ),TV-14,30 min,"Animation, Adventure, Drama",9.7,Not Available,"1,183"
716, Jupiter's Legacy,(2021),TV-MA,44 min,"Action, Adventure, Drama",7.1,Not Available,"1,180"
717,Detective Chinatown 3,(2021),R,136 min,"Action, Adventure, Comedy",5.7,Not Available,"1,180"
718, Riverdale,(2017– ),TV-14,41 min,"Crime, Drama, Mystery",7.6,Not Available,"1,179"
719,Breaking Boundaries: The Science of Our Planet,(2021),TV-PG,73 min,Documentary,7.8,Not Available,"1,177"
720,Sara's,(2021),Not Available,119 min,"Comedy, Romance",6.7,Not Available,"1,170"
721,1962: the War in the Hills,(2021– ),Not Available,45 min,"Action, Adventure, Drama",6.2,Not Available,"1,169"
722,Trigger Point,(2021),Not Available,85 min,"Action, Thriller",4.8,Not Available,"1,167"
723,Hoodman,(2021),Not Available,98 min,"Crime, Horror, Thriller",6.1,Not Available,"1,160"
724,The Stay,(2021),Not Available,87 min,Thriller,6.4,Not Available,"1,159"
725, The Blacklist,(2013– ),TV-14,43 min,"Crime, Drama, Mystery",8.7,Not Available,"1,158"
726,Safer at Home,(2021),R,82 min,Thriller,4.6,35,"1,158"
727,Rutherford Falls,(2021– ),TV-14,Not Available,Comedy,6.5,Not Available,"1,154"
728,Sensation,(2021),Not Available,96 min,"Mystery, Sci-Fi, Thriller",4.4,Not Available,"1,154"
729,The Force Awakens from Its Nap,(2021),TV-PG,3 min,"Animation, Short, Comedy",6.2,Not Available,"1,150"
730,"Hi, Mom",(2021),Not Available,128 min,"Comedy, Drama, Fantasy",7.1,Not Available,"1,148"
731, Young Rock,(2021– ),TV-PG,Not Available,Comedy,7.8,Not Available,"1,147"
732, Superman and Lois,(2021– ),TV-PG,Not Available,"Action, Adventure, Drama",8.6,Not Available,"1,147"
733, One Piece,(1999– ),TV-14,Not Available,"Animation, Action, Adventure",9.3,Not Available,"1,144"
734,Downfalls High,(2021),Not Available,46 min,"Drama, Musical, Romance",7.5,Not Available,"1,144"
735,Check,(2021),Not Available,140 min,Action,6.6,Not Available,"1,141"
736, Young Rock,(2021– ),TV-PG,Not Available,Comedy,8.2,Not Available,"1,140"
737,Boogie,(2021),R,90 min,"Drama, Sport",5.2,54,"1,140"
738,Khuda Aur Mohabbat 3,(2021),Not Available,40 min,Drama,9.0,Not Available,"1,134"
739, Fear the Walking Dead,(2015– ),TV-MA,Not Available,"Drama, Horror, Sci-Fi",8.1,Not Available,"1,134"
740,Elite Short Stories: Nadia Guzmán,(2021),TV-MA,33 min,"Short, Drama, Romance",6.4,Not Available,"1,132"
741, IMDb on the Scene - Interviews,(2017– ),Not Rated,Not Available,Talk-Show,7.9,Not Available,"1,131"
742,The 8th Night,(2021),TV-MA,115 min,"Horror, Thriller",5.5,Not Available,"1,130"
743,A Glitch in the Matrix,(2021),Not Rated,108 min,Documentary,5.2,62,"1,127"
744, The Flash,(2014– ),TV-PG,42 min,"Action, Adventure, Drama",6.6,Not Available,"1,127"
745, The Flash,(2014– ),TV-PG,42 min,"Action, Adventure, Drama",7.5,Not Available,"1,126"
746, Resident Alien,(2021– ),TV-14,45 min,"Comedy, Drama, Mystery",8.2,Not Available,"1,126"
747, Anne Boleyn,(2021– ),Not Available,Not Available,"Drama, History",3.9,Not Available,"1,124"
748,Lansky,(2021),R,119 min,"Biography, Crime, Drama",6.5,42,"1,119"
749, Snowpiercer,(2020– ),TV-MA,46 min,"Action, Drama, Sci-Fi",8.4,Not Available,"1,118"
750, Master of None,(2015– ),TV-MA,55 min,"Comedy, Drama",5.8,Not Available,"1,117"
751, Snowpiercer,(2020– ),TV-MA,47 min,"Action, Drama, Sci-Fi",7.9,Not Available,"1,117"
752, Resident Alien,(2021– ),TV-14,46 min,"Comedy, Drama, Mystery",8.4,Not Available,"1,113"
753, Supergirl,(2015–2021),TV-14,Not Available,"Action, Adventure, Drama",7.9,Not Available,"1,113"
754,Clairevoyant,(2021),Not Available,90 min,"Comedy, Drama",7.7,Not Available,"1,112"
755, Wynonna Earp,(2016–2021),TV-14,Not Available,"Action, Drama, Fantasy",9.3,Not Available,"1,110"
756, Walker,(2021– ),TV-PG,42 min,"Action, Crime, Drama",6.9,Not Available,"1,110"
757, Jupiter's Legacy,(2021),TV-MA,48 min,"Action, Adventure, Drama",6.9,Not Available,"1,110"
758,Play Back,(2021),Not Available,138 min,"Crime, Fantasy, Romance",8.2,Not Available,"1,109"
759,LOL: Last One Laughing Italy,(2021– ),Not Available,Not Available,Comedy,7.4,Not Available,"1,107"
760, Line of Duty,(2012– ),TV-14,57 min,"Crime, Drama, Mystery",9.2,Not Available,"1,106"
761, The Blacklist,(2013– ),TV-14,43 min,"Crime, Drama, Mystery",8.6,Not Available,"1,103"
762, Black Clover,(2017–2021),TV-PG,24 min,"Animation, Action, Adventure",9.6,Not Available,"1,102"
763,Tony Parker: The Final Shot,(2021),TV-14,98 min,"Documentary, Biography, Sport",6.8,Not Available,"1,101"
764, Young Rock,(2021– ),TV-PG,Not Available,Comedy,8.3,Not Available,"1,099"
765, The Rookie,(2018– ),TV-14,Not Available,"Comedy, Crime, Drama",5.9,Not Available,"1,099"
766, Behind Her Eyes,(2021),TV-MA,50 min,"Drama, Mystery, Thriller",7.0,Not Available,"1,099"
767, Ray,(2021– ),TV-14,Not Available,"Crime, Drama, Thriller",8.4,Not Available,"1,098"
768, Lupin,(2021– ),TV-MA,50 min,"Action, Crime, Drama",8.2,Not Available,"1,095"
769,Akinci,(2021– ),Not Available,120 min,"Action, Adventure, Crime",2.6,Not Available,"1,095"
770,A (Ad Infinitum),(2021),Not Available,153 min,"Family, Thriller",8.3,Not Available,"1,093"
771,Firebird,(2021),Not Available,107 min,"Drama, Romance",8.2,Not Available,"1,091"
772, Bang Baang,(2021– ),Not Available,Not Available,"Action, Thriller",9.3,Not Available,"1,091"
773,Elite Short Stories: Omar Ander Alexis,(2021),TV-MA,35 min,"Short, Drama",7.5,Not Available,"1,088"
774, To Your Eternity,(2021– ),Not Available,25 min,"Animation, Adventure, Drama",9.7,Not Available,"1,088"
775,Sasquatch,(2021),TV-MA,138 min,"Documentary, Crime, History",6.2,Not Available,"1,087"
776,Live Telecast,(2021– ),Not Available,32 min,Horror,4.2,Not Available,"1,087"
777,Security,(2021),TV-MA,118 min,Thriller,4.9,Not Available,"1,087"
778, The Blacklist,(2013– ),TV-14,42 min,"Crime, Drama, Mystery",8.9,Not Available,"1,085"
779, The Rookie,(2018– ),TV-14,42 min,"Comedy, Crime, Drama",6.1,Not Available,"1,085"
780,Dynasty Warriors,(2021),Not Available,119 min,"Action, Adventure, Fantasy",4.8,Not Available,"1,084"
781,The Boarding School: Las Cumbres,(2021– ),Not Rated,Not Available,"Drama, Mystery, Thriller",6.5,Not Available,"1,080"
782, Fate: The Winx Saga,(2021– ),TV-MA,53 min,"Action, Adventure, Drama",7.2,Not Available,"1,080"
783,Hige o Soru. Soshite Joshikousei o Hirou.,(2021– ),Not Available,23 min,"Animation, Comedy, Drama",7.6,Not Available,"1,076"
784, Jupiter's Legacy,(2021),TV-MA,56 min,"Action, Adventure, Drama",7.9,Not Available,"1,074"
785,Zero Chill,(2021– ),TV-G,Not Available,"Comedy, Drama, Family",5.7,Not Available,"1,072"
786,North Hollywood,(2021),Not Rated,93 min,"Comedy, Drama, Sport",6.1,Not Available,"1,071"
787, One Piece,(1999– ),TV-14,Not Available,"Animation, Action, Adventure",9.1,Not Available,"1,070"
788, Superman and Lois,(2021– ),TV-PG,Not Available,"Action, Adventure, Drama",9.3,Not Available,"1,070"
789, It's a Sin,(2021),TV-MA,49 min,"Comedy, Drama, History",9.3,Not Available,"1,070"
790,Aarkkariyam,(2021),Not Available,126 min,Drama,7.0,Not Available,"1,065"
791, It's a Sin,(2021),TV-MA,46 min,"Comedy, Drama, History",8.5,Not Available,"1,065"
792, The Blacklist,(2013– ),TV-14,42 min,"Crime, Drama, Mystery",6.4,Not Available,"1,064"
793,Welcome to Utmark,(2021– ),Not Available,Not Available,"Comedy, Drama",7.9,Not Available,"1,058"
794, Fear the Walking Dead,(2015– ),TV-MA,42 min,"Drama, Horror, Sci-Fi",7.3,Not Available,"1,055"
795, Superman and Lois,(2021– ),TV-PG,Not Available,"Action, Adventure, Drama",8.8,Not Available,"1,054"
796, The Flash,(2014– ),TV-PG,42 min,"Action, Adventure, Drama",7.5,Not Available,"1,053"
797,Prime Time,(2021),TV-MA,93 min,"Drama, Thriller",5.3,Not Available,"1,048"
798, The Promised Neverland,(2019–2021),TV-14,23 min,"Animation, Adventure, Drama",8.1,Not Available,"1,047"
799,Hükümsüz,(2021– ),Not Available,40 min,"Drama, Mystery, Thriller",6.9,Not Available,"1,045"
800, Star Wars: The Bad Batch,(2021– ),TV-PG,Not Available,"Animation, Action, Adventure",8.1,Not Available,"1,044"
801, Sweet Tooth,(2021– ),TV-14,Not Available,"Action, Adventure, Drama",8.0,Not Available,"1,044"
802, The Promised Neverland,(2019–2021),TV-14,23 min,"Animation, Adventure, Drama",6.3,Not Available,"1,043"
803, It's a Sin,(2021),TV-MA,48 min,"Comedy, Drama, History",9.2,Not Available,"1,041"
804, IMDb on the Scene - Interviews,(2017– ),Not Rated,Not Available,Talk-Show,9.3,Not Available,"1,040"
805,Navillera,(2021– ),Not Available,60 min,Drama,8.8,Not Available,"1,040"
806, Sweet Tooth,(2021– ),TV-14,Not Available,"Action, Adventure, Drama",8.6,Not Available,"1,040"
807,Double Dad,(2021),TV-G,103 min,"Comedy, Drama, Family",5.7,Not Available,"1,038"
808, One Piece,(1999– ),TV-14,Not Available,"Animation, Action, Adventure",9.3,Not Available,"1,037"
809, Jupiter's Legacy,(2021),TV-MA,36 min,"Action, Adventure, Drama",7.4,Not Available,"1,036"
810,Murder by the Coast,(2021),TV-MA,88 min,"Documentary, Crime, History",6.5,Not Available,"1,032"
811,Dancing Queens,(2021),TV-MA,110 min,"Comedy, Drama",5.5,Not Available,"1,032"
812,Call Your Mother,(2021),TV-PG,22 min,Comedy,5.2,Not Available,"1,032"
813,Amend: The Fight for America,(I) (2021),TV-MA,Not Available,"Documentary, History",7.9,Not Available,"1,030"
814, Sweet Tooth,(2021– ),TV-14,Not Available,"Action, Adventure, Drama",7.7,Not Available,"1,029"
815,United States of Al,(2021– ),TV-PG,30 min,Comedy,5.9,Not Available,"1,028"
816,True,(2021),Not Available,92 min,Thriller,8.6,Not Available,"1,027"
817, This Is Us,(2016–2022),TV-14,43 min,"Comedy, Drama, Romance",9.1,Not Available,"1,026"
818, Bang Baang,(2021– ),Not Available,Not Available,"Action, Thriller",9.4,Not Available,"1,023"
819,Law School,(2021– ),Not Available,65 min,"Crime, Drama, Mystery",8.2,Not Available,"1,023"
820, Dracula,(2021– ),Not Available,Not Available,"Comedy, Drama",9.6,Not Available,"1,017"
821, The Promised Neverland,(2019–2021),TV-14,23 min,"Animation, Adventure, Drama",7.8,Not Available,"1,016"
822, Bang Baang,(2021– ),Not Available,Not Available,"Action, Thriller",9.4,Not Available,"1,015"
823, Jupiter's Legacy,(2021),TV-MA,48 min,"Action, Adventure, Drama",7.1,Not Available,"1,015"
824,Hey There!,(2021),Not Rated,82 min,Comedy,6.2,Not Available,"1,011"
825, Fate: The Winx Saga,(2021– ),TV-MA,53 min,"Action, Adventure, Drama",8.2,Not Available,"1,010"
826, The Good Doctor,(2017– ),TV-14,43 min,Drama,5.0,Not Available,"1,007"
827, The Promised Neverland,(2019–2021),TV-14,23 min,"Animation, Adventure, Drama",7.0,Not Available,"1,007"
828, Lupin,(2021– ),TV-MA,44 min,"Action, Crime, Drama",7.3,Not Available,"1,007"
829, Bang Baang,(2021– ),Not Available,Not Available,"Action, Thriller",9.3,Not Available,"1,006"
830,Queen of Beggars Aka Malake Gedayan,(2021– ),Not Available,Not Available,"Drama, Mystery, Romance",5.1,Not Available,"1,006"
831, The Nevers,(2021– ),TV-MA,63 min,"Action, Drama, Fantasy",7.8,Not Available,"1,006"
832,The Houseboat,(2021– ),TV-14,Not Available,Documentary,7.3,Not Available,"1,005"
833, Wynonna Earp,(2016–2021),TV-14,43 min,"Action, Drama, Fantasy",9.4,Not Available,"1,003"
834,Zero,(2021– ),TV-MA,27 min,"Action, Comedy, Drama",5.6,Not Available,"1,003"
835, The Stand,(2020–2021),TV-MA,60 min,"Adventure, Drama, Fantasy",6.9,Not Available,"1,001"
836,Você nunca esteve sozinha - O doc de Juliette,(2021),Not Available,Not Available,"Documentary, Reality-TV",9.9,Not Available,"1,000"
837,Ninnila Ninnila,(2021),Not Available,118 min,"Comedy, Romance",7.6,Not Available,999
838, Grey's Anatomy,(2005– ),TV-14,Not Available,"Drama, Romance",5.2,Not Available,998
839, Jupiter's Legacy,(2021),TV-MA,44 min,"Action, Adventure, Drama",7.3,Not Available,997
840, Ray,(2021– ),TV-14,Not Available,"Crime, Drama, Thriller",7.3,Not Available,994
841, Line of Duty,(2012– ),TV-14,57 min,"Crime, Drama, Mystery",9.1,Not Available,992
842, Superstore,(2015–2021),TV-14,Not Available,Comedy,9.6,Not Available,992
843,400 Bullets,(2021),Not Rated,89 min,Action,4.5,Not Available,992
844,Tempt Raja,(2021),Not Available,108 min,Comedy,9.1,Not Available,990
845, Bang Baang,(2021– ),Not Available,Not Available,"Action, Thriller",9.3,Not Available,990
846, Wynonna Earp,(2016–2021),TV-14,43 min,"Action, Drama, Fantasy",9.5,Not Available,989
847, One Piece,(1999– ),TV-14,Not Available,"Animation, Action, Adventure",9.2,Not Available,985
848,Big Trick Energy,(2021– ),TV-14,Not Available,"Comedy, Reality-TV",7.7,Not Available,984
849, Bang Baang,(2021– ),Not Available,Not Available,"Action, Thriller",9.3,Not Available,980
850,Devineni,(2021),Not Available,122 min,Drama,9.8,Not Available,979
851, Superman and Lois,(2021– ),TV-PG,Not Available,"Action, Adventure, Drama",8.6,Not Available,974
852, Wynonna Earp,(2016–2021),TV-14,43 min,"Action, Drama, Fantasy",9.3,Not Available,973
853,It Was Always You,(2021 TV Movie),TV-G,86 min,"Comedy, Drama, Romance",7.1,Not Available,972
854, Formula 1: Drive to Survive,(2019– ),TV-MA,51 min,"Documentary, Sport",9.4,Not Available,968
855, Bang Baang,(2021– ),Not Available,Not Available,"Action, Thriller",9.3,Not Available,968
856, The Flash,(2014– ),TV-PG,42 min,"Action, Adventure, Drama",7.1,Not Available,966
857,Seance,(2021),R,92 min,"Horror, Mystery",5.2,45,962
858, Castlevania,(2017–2021),TV-MA,24 min,"Animation, Action, Adventure",9.1,Not Available,959
859, Mythic Quest: Raven's Banquet,(2020– ),TV-MA,37 min,Comedy,9.3,Not Available,959
860, Bang Baang,(2021– ),Not Available,Not Available,"Action, Thriller",9.3,Not Available,959
861, Bang Baang,(2021– ),Not Available,Not Available,"Action, Thriller",9.3,Not Available,956
862,Taking a Shot at Love,(2021 TV Movie),TV-G,84 min,"Drama, Romance",7.2,Not Available,955
863, Line of Duty,(2012– ),TV-14,57 min,"Crime, Drama, Mystery",7.8,Not Available,953
864,Glacier,(2021),Not Available,88 min,Drama,6.2,Not Available,953
865,L'ultimo paradiso,(2021),TV-MA,107 min,"Drama, Romance",5.6,Not Available,952
866,Dark Web: Cicada 3301,(2021),R,104 min,"Action, Comedy, Thriller",4.9,Not Available,950
867, Lupin,(2021– ),TV-MA,41 min,"Action, Crime, Drama",7.4,Not Available,948
868, Resident Alien,(2021– ),TV-14,46 min,"Comedy, Drama, Mystery",8.1,Not Available,947
869, Behind Her Eyes,(2021),TV-MA,49 min,"Drama, Mystery, Thriller",7.2,Not Available,947
870, It's a Sin,(2021),TV-MA,47 min,"Comedy, Drama, History",8.7,Not Available,946
871, The Stand,(2020–2021),TV-MA,61 min,"Adventure, Drama, Fantasy",6.9,Not Available,942
872,Beyond Evil,(2021– ),Not Available,70 min,"Drama, Mystery, Thriller",8.1,Not Available,942
873,Chernobyl: Abyss,(2021),Not Available,136 min,"Comedy, Drama, History",4.3,Not Available,941
874, Superman and Lois,(2021– ),TV-PG,Not Available,"Action, Adventure, Drama",8.8,Not Available,936
875, Castlevania,(2017–2021),TV-MA,24 min,"Animation, Action, Adventure",8.3,Not Available,931
876, The Flash,(2014– ),TV-PG,42 min,"Action, Adventure, Drama",5.7,Not Available,930
877, IMDb on the Scene - Interviews,(2017– ),Not Rated,Not Available,Talk-Show,7.6,Not Available,929
878,The Last Cruise,(2021),TV-14,40 min,"Documentary, Short",6.4,75,929
879, Riverdale,(2017– ),TV-PG,42 min,"Crime, Drama, Mystery",8.5,Not Available,929
880, Sweet Tooth,(2021– ),TV-14,Not Available,"Action, Adventure, Drama",7.8,Not Available,926
881, Snowpiercer,(2020– ),TV-MA,48 min,"Action, Drama, Sci-Fi",7.7,Not Available,922
882, Wynonna Earp,(2016–2021),TV-14,54 min,"Action, Drama, Fantasy",9.5,Not Available,918
883,Contract,(2021– ),Not Available,Not Available,Crime,7.4,Not Available,917
884, Fate: The Winx Saga,(2021– ),TV-MA,48 min,"Action, Adventure, Drama",7.4,Not Available,917
885, Superman and Lois,(2021– ),TV-PG,Not Available,"Action, Adventure, Drama",8.8,Not Available,916
886, Clarice,(2021– ),TV-14,42 min,"Crime, Drama, Mystery",7.0,Not Available,914
887,Hero Mode,(2021),PG,88 min,Comedy,5.0,46,912
888,Masameer County,(2021– ),TV-MA,Not Available,"Animation, Comedy, Drama",8.4,Not Available,909
889,The Sparks Brothers,(2021),R,140 min,"Documentary, Music",8.0,80,908
890,Ankara,(2021– ),Not Rated,Not Available,"Action, Drama",7.1,Not Available,908
891,Caught by a Wave,(2021),TV-14,99 min,"Drama, Romance, Sport",5.8,Not Available,907
892, The Serpent,(2021),TV-MA,59 min,"Crime, Drama, Thriller",7.2,Not Available,907
893, It's a Sin,(2021),TV-MA,48 min,"Comedy, Drama, History",9.0,Not Available,903
894,Nate Bargatze: The Greatest Average American,(2021 TV Special),TV-G,60 min,Comedy,7.3,Not Available,901
895,The Lady and the Dale,(2021),TV-14,212 min,"Documentary, Biography, Crime",6.8,Not Available,901
896, The Nevers,(2021– ),TV-MA,56 min,"Action, Drama, Fantasy",8.2,Not Available,900
897, Racket Boys,(2021– ),TV-14,83 min,"Comedy, Drama, Sport",1.0,Not Available,899
898,Ammaa Ki Boli,(2021),Not Available,117 min,"Comedy, Drama",7.8,Not Available,898
899, The Rookie,(2018– ),TV-14,43 min,"Comedy, Crime, Drama",7.9,Not Available,898
900, Lupin,(2021– ),TV-MA,47 min,"Action, Crime, Drama",7.9,Not Available,895
901, Sweet Tooth,(2021– ),TV-14,Not Available,"Action, Adventure, Drama",8.5,Not Available,895
902, Batwoman,(2019– ),TV-14,41 min,"Action, Adventure, Crime",5.0,Not Available,894
903, Racket Boys,(2021– ),TV-14,78 min,"Comedy, Drama, Sport",1.0,Not Available,892
904,Ghost Lab,(2021),TV-MA,117 min,"Drama, Horror, Thriller",5.2,Not Available,892
905,LOL - Hasse Toh Phasse,(2021– ),Not Available,Not Available,Comedy,3.7,Not Available,891
906, Behind Her Eyes,(2021),TV-MA,50 min,"Drama, Mystery, Thriller",7.2,Not Available,891
907,Sreekaram,(2021),Not Available,122 min,Drama,7.0,Not Available,885
908, The Flash,(2014– ),TV-PG,42 min,"Action, Adventure, Drama",5.9,Not Available,884
909, The Blacklist,(2013– ),TV-14,43 min,"Crime, Drama, Mystery",8.6,Not Available,884
910,Qubool Hai 2.0,(2021– ),Not Available,23 min,Romance,8.6,Not Available,884
911,Ögrenci Evi,(2021– ),Not Available,50 min,"Comedy, Drama, Romance",5.6,Not Available,884
912, Black Clover,(2017–2021),TV-14,24 min,"Animation, Action, Adventure",9.6,Not Available,883
913, Fate: The Winx Saga,(2021– ),TV-MA,51 min,"Action, Adventure, Drama",7.5,Not Available,883
914, Racket Boys,(2021– ),TV-14,64 min,"Comedy, Drama, Sport",1.0,Not Available,882
915, The Nevers,(2021– ),TV-MA,57 min,"Action, Drama, Fantasy",8.3,Not Available,882
916, This Is Us,(2016–2022),TV-14,43 min,"Comedy, Drama, Romance",8.9,Not Available,880
917, The Promised Neverland,(2019–2021),TV-14,23 min,"Animation, Adventure, Drama",8.1,Not Available,879
918, Resident Alien,(2021– ),TV-14,46 min,"Comedy, Drama, Mystery",8.2,Not Available,879
919,The Lockdown Hauntings,(2021),Not Available,101 min,Horror,5.4,Not Available,878
920, Behind Her Eyes,(2021),TV-MA,46 min,"Drama, Mystery, Thriller",7.6,Not Available,876
921, Sweet Tooth,(2021– ),TV-14,Not Available,"Action, Adventure, Drama",7.9,Not Available,875
922,Monsters at Work,(2021– ),TV-G,22 min,"Animation, Adventure, Comedy",7.4,Not Available,874
923, The Blacklist,(2013– ),TV-14,43 min,"Crime, Drama, Mystery",6.4,Not Available,872
924, The Rookie,(2018– ),TV-14,43 min,"Comedy, Crime, Drama",6.3,Not Available,870
925, The Blacklist,(2013– ),TV-14,42 min,"Crime, Drama, Mystery",6.4,Not Available,868
926, Riverdale,(2017– ),TV-14,42 min,"Crime, Drama, Mystery",7.2,Not Available,867
927, Behind Her Eyes,(2021),TV-MA,53 min,"Drama, Mystery, Thriller",7.5,Not Available,866
928,Sailor Moon Eternal,(2021),TV-14,160 min,"Animation, Action, Adventure",7.2,Not Available,865
929,Kemono Jihen,(2021– ),Not Available,24 min,"Animation, Action, Fantasy",7.5,Not Available,863
930,Girl Next,(2021),Not Available,102 min,"Horror, Thriller",6.4,Not Available,863
931, Castlevania,(2017–2021),TV-MA,24 min,"Animation, Action, Adventure",8.2,Not Available,861
932, Castlevania,(2017–2021),TV-MA,29 min,"Animation, Action, Adventure",8.4,Not Available,860
933, Fate: The Winx Saga,(2021– ),TV-MA,50 min,"Action, Adventure, Drama",7.7,Not Available,858
934, Snowpiercer,(2020– ),TV-MA,45 min,"Action, Drama, Sci-Fi",7.7,Not Available,857
935, Resident Alien,(2021– ),TV-14,45 min,"Comedy, Drama, Mystery",8.2,Not Available,856
936, Snowpiercer,(2020– ),TV-MA,47 min,"Action, Drama, Sci-Fi",8.2,Not Available,854
937, Resident Alien,(2021– ),TV-14,46 min,"Comedy, Drama, Mystery",8.4,Not Available,847
938, Allen v. Farrow,(2021),TV-MA,56 min,"Documentary, Biography, Crime",5.1,Not Available,844
939, Walker,(2021– ),TV-14,42 min,"Action, Crime, Drama",7.4,Not Available,844
940, Resident Alien,(2021– ),TV-14,46 min,"Comedy, Drama, Mystery",8.5,Not Available,843
941,The Mysterious Benedict Society,(2021– ),TV-PG,Not Available,"Adventure, Comedy, Drama",7.7,Not Available,842
942, The Flash,(2014– ),TV-PG,42 min,"Action, Adventure, Drama",6.0,Not Available,840
943,Ishk Par Zor Nahin,(2021– ),Not Available,Not Available,Drama,9.0,Not Available,839
944, Fate: The Winx Saga,(2021– ),TV-MA,47 min,"Action, Adventure, Drama",7.5,Not Available,837
945, Superstore,(2015–2021),TV-14,Not Available,Comedy,6.5,Not Available,835
946,The 93rd Oscars,(2021 TV Special),TV-14,150 min,Not Available,3.5,Not Available,835
947,Oprah with Meghan and Harry: A CBS Primetime Special,(2021 TV Special),TV-PG,86 min,Talk-Show,5.2,Not Available,834
948, My Hero Academia,(2016– ),TV-14,24 min,"Animation, Action, Adventure",6.9,Not Available,833
949, The Rookie,(2018– ),TV-14,Not Available,"Comedy, Crime, Drama",6.3,Not Available,833
950,Kamali from Nadukkaveri,(2021),Not Available,147 min,Drama,7.7,Not Available,833
951, Riverdale,(2017– ),TV-14,42 min,"Crime, Drama, Mystery",7.5,Not Available,831
952,Settlers,(2021),Not Available,103 min,Sci-Fi,4.6,Not Available,829
953, This Is Us,(2016–2022),TV-14,42 min,"Comedy, Drama, Romance",8.6,Not Available,826
954, Tandav,(2021– ),TV-14,38 min,"Drama, Thriller",5.3,Not Available,826
955, Black Clover,(2017–2021),TV-PG,24 min,"Animation, Action, Adventure",9.6,Not Available,822
956, The Stand,(2020–2021),TV-MA,57 min,"Adventure, Drama, Fantasy",6.5,Not Available,821
957, Black Clover,(2017–2021),TV-PG,24 min,"Animation, Action, Adventure",9.3,Not Available,821
958,Rogue Hostage,(2021),Not Rated,93 min,"Action, Thriller",3.1,Not Available,821
959, Castlevania,(2017–2021),TV-MA,28 min,"Animation, Action, Adventure",8.3,Not Available,820
960, Castlevania,(2017–2021),TV-MA,25 min,"Animation, Action, Adventure",8.4,Not Available,818
961, Ray,(2021– ),TV-14,Not Available,"Crime, Drama, Thriller",6.0,Not Available,816
962, The Promised Neverland,(2019–2021),TV-14,23 min,"Animation, Adventure, Drama",6.2,Not Available,812
963, The Promised Neverland,(2019–2021),TV-14,23 min,"Animation, Adventure, Drama",6.5,Not Available,812
964,Zero Nine,(2021),Not Available,93 min,"Action, Crime, Thriller",8.6,Not Available,812
965,Topi,(2021),Not Available,60 min,"Drama, Thriller",6.8,Not Available,812
966,Alludu Adhurs,(2021),Not Available,149 min,"Action, Comedy",3.3,Not Available,812
967,Punky Brewster,(2021– ),TV-PG,Not Available,Comedy,6.9,Not Available,812
968, Castlevania,(2017–2021),TV-MA,26 min,"Animation, Action, Adventure",8.3,Not Available,811
969, This Is Us,(2016–2022),TV-14,43 min,"Comedy, Drama, Romance",8.2,Not Available,810
970, American Gods,(2017–2021),TV-MA,51 min,"Drama, Fantasy, Mystery",6.3,Not Available,810
971,Stanley Tucci: Searching for Italy,(2021– ),Not Rated,60 min,"Documentary, Reality-TV",8.7,Not Available,809
972, RuPaul's Drag Race All Stars,(2012– ),TV-14,62 min,"Game-Show, Reality-TV",9.4,Not Available,807
973,Kisah untuk Geri,(2021),TV-14,50 min,"Drama, Romance",9.6,Not Available,807
974, Snowpiercer,(2020– ),TV-MA,48 min,"Action, Drama, Sci-Fi",7.9,Not Available,807
975, The Blacklist,(2013– ),TV-14,43 min,"Crime, Drama, Mystery",6.4,Not Available,803
976,86,(2021– ),TV-14,24 min,"Animation, Action, Drama",8.0,Not Available,800
977,Chathur Mukham,(2021),Not Available,138 min,"Horror, Thriller",6.5,Not Available,800
978,As Luck Would Have It,(2021 TV Movie),TV-G,86 min,"Drama, Romance",7.1,Not Available,799
979, Snowpiercer,(2020– ),TV-MA,47 min,"Action, Drama, Sci-Fi",7.2,Not Available,796
980, The Stand,(2020–2021),TV-PG,49 min,"Adventure, Drama, Fantasy",6.4,Not Available,793
981,Endangered Species,(2021),R,101 min,"Action, Thriller",4.5,Not Available,792
982,Godzilla Singular Point,(2021– ),TV-14,24 min,"Animation, Action, Adventure",6.6,Not Available,792
983,Edge of the World,(2021),Not Available,104 min,"Adventure, Drama",5.2,42,791
984, The Blacklist,(2013– ),TV-14,42 min,"Crime, Drama, Mystery",8.6,Not Available,791
985,Janowar,(2021),Not Available,77 min,"Crime, Drama, Thriller",8.2,Not Available,791
986, The Rookie,(2018– ),TV-14,Not Available,"Comedy, Crime, Drama",7.7,Not Available,788
987, Line of Duty,(2012– ),TV-14,58 min,"Crime, Drama, Mystery",8.3,Not Available,787
988,Canine Intervention,(2021– ),TV-14,Not Available,"Documentary, Reality-TV",6.5,Not Available,787
989,RuPaul's Drag Race Down Under,(2021– ),TV-MA,54 min,"Game-Show, Reality-TV",5.5,Not Available,785
990, Tandav,(2021– ),TV-14,29 min,"Drama, Thriller",4.7,Not Available,784
991,Kadhanika,(2021),Not Available,128 min,Thriller,8.8,Not Available,782
992, Line of Duty,(2012– ),TV-14,58 min,"Crime, Drama, Mystery",8.3,Not Available,779
993, Batwoman,(2019– ),TV-14,42 min,"Action, Adventure, Crime",5.5,Not Available,778
994,Separation,(I) (2021),R,107 min,Horror,4.5,Not Available,777
995, The Blacklist,(2013– ),TV-14,42 min,"Crime, Drama, Mystery",7.2,Not Available,777
996, One Piece,(1999– ),TV-14,Not Available,"Animation, Action, Adventure",9.0,Not Available,776
997, American Gods,(2017–2021),TV-MA,56 min,"Drama, Fantasy, Mystery",7.5,Not Available,774
998,Zoya,(2021),Not Available,105 min,"Drama, War",3.8,Not Available,771
999, The Flash,(2014– ),TV-PG,Not Available,"Action, Adventure, Drama",7.2,Not Available,765
1000, The Stand,(2020–2021),TV-MA,57 min,"Adventure, Drama, Fantasy",6.6,Not Available,764
1001, The Flash,(2014– ),TV-PG,Not Available,"Action, Adventure, Drama",4.7,Not Available,764
1002, Night Stalker: The Hunt for a Serial Killer,(2021),TV-MA,48 min,"Documentary, Crime, Mystery",7.6,Not Available,764
1003,Hemingway,(2021– ),TV-14,120 min,"Documentary, Biography",8.1,Not Available,764
1004,Creation Stories,(2021),Not Available,105 min,"Biography, Drama, Music",6.2,61,762
1005, The Blacklist,(2013– ),TV-14,43 min,"Crime, Drama, Mystery",6.8,Not Available,762
1006, Inside No. 9,(2014– ),TV-MA,Not Available,"Comedy, Drama, Horror",6.7,Not Available,762
1007, Servant,(2019– ),TV-MA,26 min,"Drama, Horror, Mystery",7.3,Not Available,762
1008,Pørni,(2021– ),Not Available,Not Available,"Comedy, Drama",8.3,Not Available,761
1009,To Olivia,(2021),Not Available,99 min,Drama,6.5,Not Available,759
1010, The Blacklist,(2013– ),TV-14,42 min,"Crime, Drama, Mystery",8.5,Not Available,759
1011, Boruto: Naruto Next Generations,(2017– ),TV-14,24 min,"Animation, Action, Adventure",9.3,Not Available,759
1012,Kabadadaari,(2021),Not Rated,146 min,"Crime, Drama, Thriller",6.6,Not Available,759
1013,That Damn Michael Che,(2021– ),TV-MA,30 min,Comedy,7.5,Not Available,754
1014, Debris,(2021),TV-14,43 min,"Drama, Mystery, Sci-Fi",7.4,Not Available,754
1015, Line of Duty,(2012– ),TV-14,57 min,"Crime, Drama, Mystery",8.4,Not Available,751
1016,Trust,(II) (2021),Not Available,94 min,"Drama, Romance",5.4,Not Available,749
1017, Master of None,(2015– ),TV-MA,52 min,"Comedy, Drama",6.8,Not Available,749
1018, Riverdale,(2017– ),TV-14,41 min,"Crime, Drama, Mystery",6.9,Not Available,749
1019,Dad,(2021),Not Available,76 min,"Comedy, Drama",6.7,Not Available,748
1020,Kid Cosmic,(2021– ),TV-Y7,25 min,"Animation, Action, Adventure",8.1,Not Available,747
1021,A Palace for Putin. The Story of the Biggest Bribe,(2021),Not Available,113 min,Documentary,8.9,Not Available,745
1022,Newton's Cradle,(2021– ),Not Available,Not Available,"Drama, Thriller",8.4,Not Available,745
1023,Time to Dance,(2021),Not Available,113 min,"Musical, Romance",1.8,Not Available,742
1024, Master of None,(2015– ),TV-MA,25 min,"Comedy, Drama",5.7,Not Available,742
1025, Dracula,(2021– ),Not Available,Not Available,"Comedy, Drama",9.5,Not Available,741
1026,Power Play,(2021),Not Available,135 min,Thriller,7.1,Not Available,741
1027,Arlo the Alligator Boy,(2021 TV Movie),TV-Y7,90 min,"Animation, Adventure, Comedy",6.7,Not Available,740
1028, Boruto: Naruto Next Generations,(2017– ),TV-14,24 min,"Animation, Action, Adventure",9.4,Not Available,738
1029,Secret of the Ninth,(2021),Not Available,57 min,Documentary,9.1,Not Available,737
1030,Animals on the Loose: A You vs. Wild Movie,(2021 TV Movie),TV-PG,90 min,"Adventure, Reality-TV",5.8,Not Available,737
1031,Eden,(I) (2021– ),TV-Y7,25 min,"Animation, Action, Adventure",6.7,Not Available,735
1032,Me You Madness,(2021),R,98 min,Comedy,3.7,7,734
1033, The Stand,(2020–2021),TV-MA,49 min,"Adventure, Drama, Fantasy",5.2,Not Available,734
1034, The Serpent,(2021),TV-MA,58 min,"Crime, Drama, Thriller",7.5,Not Available,733
1035, Black Clover,(2017–2021),TV-PG,24 min,"Animation, Action, Adventure",9.5,Not Available,732
1036,Mohan Kumar Fans,(2021),Not Available,126 min,Drama,5.6,Not Available,732
1037, Snowpiercer,(2020– ),TV-MA,48 min,"Action, Drama, Sci-Fi",7.3,Not Available,732
1038, This Is Us,(2016–2022),TV-14,43 min,"Comedy, Drama, Romance",8.3,Not Available,731
1039, Them,(2021– ),TV-14,49 min,"Drama, Horror, Thriller",7.9,Not Available,729
1040, Grey's Anatomy,(2005– ),TV-14,Not Available,"Drama, Romance",6.2,Not Available,729
1041, This Is Us,(2016–2022),TV-14,43 min,"Comedy, Drama, Romance",8.4,Not Available,727
1042,When NEET aspirant met an IIT aspirant,(2021),Not Available,46 min,"Comedy, Romance",9.8,Not Available,727
1043,Donny's Bar Mitzvah,(2021),Not Available,79 min,"Comedy, Drama",7.3,Not Available,726
1044,Override,(2021),TV-14,95 min,"Crime, Sci-Fi, Thriller",4.7,Not Available,723
1045, Elite,(2018– ),TV-MA,54 min,"Crime, Drama, Thriller",7.3,Not Available,723
1046, A Discovery of Witches,(2018– ),TV-MA,Not Available,"Drama, Fantasy, Romance",8.0,Not Available,723
1047, Riverdale,(2017– ),TV-14,42 min,"Crime, Drama, Mystery",5.8,Not Available,721
1048,Ee Kathalo Paathralu Kalpitam,(2021),Not Available,119 min,"Drama, Thriller",7.1,Not Available,721
1049, For All Mankind,(2019– ),TV-MA,56 min,"Drama, Sci-Fi",8.1,Not Available,720
